CPE,mean,std,max,median,p05,p95,iqr,missing_pct,pct_zero,hora_pico,mean_noite,mean_dia,ratio_noite_dia,amplitude_horaria,diff_utilizacao_nao_utilizacao,tem_dias_nao_utilizacao,hora_pico_utilizacao,hora_pico_nao_utilizacao,diff_weekday_weekend,cv,cv_diario,autocorr_lag1,autocorr_lag96,tendencia_slope,tendencia_norm,cv_mensal
PT0002000032936306KX,2.436307789473684,2.779039357857726,30.756,0.0,0.0,5.576,5.356,0.5353216674615112,0.2484683957591988,22,5.046701782143407,0.5676058802308802,8.891207716330568,5.191618686868686,2.5733580600865023,1,22.0,0.0,0.03265944432305027,1.1406766295559407,1.1781239216494943,0.9739844738110177,0.9103711165095594,0.38710589445229404,0.003566671119419174,1.1939456377835476
PT0002000032942455NH,0.09089167602645701,0.13116537911504195,2.86,0.06,0.0,0.284,0.088,0.6080560548809567,0.09616395808112306,22,0.07160620347278954,0.08919332763045332,0.8028201814542572,0.093188622754491,0.10300127268219779,1,22.0,0.0,0.03617533285891193,1.443095615013876,2.1133059537289642,0.9302058595446463,0.05420010300891161,0.016810063540778047,0.0049219720176996475,1.5287257047880647
PT0002000032966446CC,0.09979108142057784,0.1052072631647814,2.244,0.084,0.0,0.224,0.11599999999999999,0.5716644044168898,0.0890225858126368,22,0.08816847190199348,0.09957553816046963,0.8854430870351587,0.06216712328767121,0.10474094592950382,1,22.0,23.0,0.01242208443676159,1.0542752084364795,1.4245391458352903,0.8361266249973226,0.19835230899874226,0.015921305551294427,0.003885264932062058,1.3516497314473814
PT0002000032968749YT,3.640023819339472,4.001380856038659,31.496,2.036,0.524,12.747799999999987,3.208,0.46608459591327633,0.0006603323672915367,12,2.209359420964469,4.756859183673469,0.4644576044099541,6.0757054945054945,3.3496888458760576,1,12.0,0.0,2.5603710407728193,1.0992732615592498,1.2531713638337785,0.9425642149087082,0.6688872394879193,0.6180646973726357,0.00331722644218096,1.1545009875941032
PT0002000032969229AC,2.0690693544046774,2.9120939836171544,21.576,0.496,0.304,8.604,2.472,0.5001406263374788,0.0004769067097105543,11,0.4355208120395223,3.201650402414487,0.13603009613762934,5.443030516431925,2.311277371732048,1,11.0,18.0,2.207453712247271,1.4074414554629737,1.36268701310928,0.964176455792718,0.6423558911574803,0.3644709914591041,0.003675851313221784,1.1441787587773042
PT0002000032976997LZ,3.039817298488323,3.1739233773902873,44.48,1.468,0.34,9.298399999999994,4.668,0.3229269843599056,0.004610098193868692,11,2.66682713059436,3.5741454567962374,0.7461439840181625,4.895559792027729,3.0502691063926832,1,11.0,18.0,1.9820554246118507,1.0441164931091924,1.059903033778664,0.9674012100338405,0.7622410068958215,0.5189105317431082,0.0026298280562031193,1.0051317612996566
PT0002000032990792KD,2.3355583929089616,3.3712746474240722,28.7,1.044,0.0,12.128,2.2220000000000004,0.5364589065385132,0.029299191704268927,1,3.1209552410971924,2.213832368896926,1.4097522851977513,2.310964756152413,2.5442538292575314,1,1.0,18.0,2.147507766637989,1.443455516958887,1.780507698106327,0.9766048974980532,0.7041072026033808,0.4854658288554767,0.004677325048973513,1.6071822032791558
PT0002000032993611ME,0.8494830226845831,1.006829077124737,7.016,0.344,0.276,3.292,0.5,0.32293921273707765,0.020372476368661116,11,0.32327958616254243,1.2056379054221342,0.26813986579938476,1.4889740034662047,0.8751028831427609,1,11.0,0.0,0.5080846298952829,1.1852256610648912,1.0118658589952765,0.9689311789625453,0.6541609532723702,0.11483658501660517,0.0020826474565891024,0.8469807387978848
PT0002000033016394FN,1.1994856245033592,1.1875631492867487,8.28,0.612,0.36,3.784,1.088,0.3228902992283894,0.005551683236117735,17,0.5577746426034994,1.6349223817776675,0.3411627663920201,1.8091559792027727,1.207635482110103,1,17.0,0.0,0.6629101107327446,0.9900603433896534,0.914627711741901,0.9833578806072218,0.5507406525139948,0.17494842651511822,0.002246848626260701,0.862437345254823
PT0002000033039837ZH,1.6107976070501961,1.700687759387975,11.816,0.916,0.508,5.852799999999989,1.044,0.4297051738263815,0.018036856328796605,10,0.8505256177433552,2.1449376837154617,0.39652695936139015,2.5253374485596707,1.6582576221586798,1,10.0,0.0,1.152543681158982,1.0558047466325655,1.1405913454226266,0.9743964013733077,0.6235021920248324,0.2825811138040744,0.003208636961764714,1.0178007136712204
PT0002000033074862LZ,6.626553250819431,6.229196130896825,35.0,3.0,2.0,20.0,6.0,0.00015896890323685144,0.0009538134194211086,12,3.0346516547895055,9.10349597585513,0.3333501396428582,10.256455399061032,2.6632344078203642,0,12.0,9.5,5.003998070332149,0.9400356256288336,0.4899617221421683,0.9694416099343619,0.6819015203093446,0.09874330641663294,0.00015545578021475636,0.3678420107240727
PT0002000033085062AW,2.6323282716731087,3.2561226262172887,19.504,1.218,0.0,9.996,3.456,0.8228352715311151,0.02627878254276875,11,1.0066977546515294,3.5661811731315036,0.28229013215487786,3.823258278145695,4.163934349110405,1,11.0,0.0,3.1684377439549727,1.2369743778756348,3.0319383872780197,0.9660371270336081,0.5663021972711677,0.2596413532798659,0.00580730197686723,2.5900801504664805
PT0002000033094187PL,0.7496075381546008,0.6902602004312575,4.668,0.412,0.168,2.244,0.8719999999999999,0.03771231519864999,0.0005013634640546853,9,0.47686633728099687,0.9210307491289197,0.517752895581392,0.6926329268292684,0.6553788363885219,1,9.0,8.0,0.4469600992193923,0.9208287874619754,0.7655005038336835,0.9524284062742974,0.5038557547756949,-0.0837770524130697,-0.0012114459991203837,0.5514805286659282
PT0002000033171958DG,1.1117333944113605,1.1411550659543443,7.58,0.424,0.352,3.588,1.104,0.4661090526676205,0.00041576482385022686,10,0.713477346112889,1.4039618524332809,0.5081885557476676,1.3137582417582419,2.6632344078203642,0,10.0,9.5,0.889956508881168,1.0264646827115973,1.34962765864909,0.9744222507549498,0.5518494942799653,0.21479177534795374,0.0037746987402892014,1.189010618274229
PT0002000033186037TF,7.345530692463113,5.3803351415611385,27.604,6.16,1.412,19.6,5.752000000000001,0.0013695782432713356,1.2228377172065495e-05,11,4.2873426533982855,9.520169044821218,0.4503431223976547,9.436673325499413,5.959755411496377,1,11.0,13.0,2.382339145806545,0.7324637751608111,0.456196745085361,0.976223082151401,0.6990706918448307,-0.837342136728661,-0.001190673898689536,0.4594538103004567
PT0002000033254603ZX,3.997360121997713,4.617515245956159,25.232,1.36,0.296,13.34,6.824,0.037749000330166184,0.0007826161390121917,12,4.144582701336194,4.340379181184669,0.954889544974033,6.5694536585365855,4.647162377100185,1,12.0,22.0,3.400062384363688,1.155141169429718,0.800517986550049,0.9692890260035786,0.7411428424230815,0.0025194470882336,6.832213863621739e-06,0.6816468084462247
PT0002000053093191SV,0.760175025713866,0.6132019730318499,3.552,0.584,0.164,1.956,1.016,0.001332893111755139,0.0004646783325384888,15,0.6573783545562671,0.8325185496055061,0.7896260748397376,0.30608026281511214,0.6578228779857384,1,15.0,16.0,0.1641290897891684,0.8066589302325521,0.7589543891602777,0.9883667205280198,0.8821007794920497,-0.0018706213410998463,-2.5702146712637856e-05,0.7241695274310926
PT0002000065256275YB,0.0019012306373599464,0.021729206081286385,0.612,0.0,0.0,0.0,0.0,0.0013695782432713356,0.9827579881873877,20,0.00012230275039685863,0.0029215208997817287,0.04186269911880352,0.010381903642773173,0.0032245549037462906,1,20.0,16.0,0.0017030237925803819,11.429021631725657,2.3027246172326343,0.6074739702693378,0.0033202143060820297,-6.55545132498138e-05,-0.00036014787588939596,0.877509496101453
PT0002000065523872AA,0.04424235003122436,0.07805913249610451,2.244,0.008,0.004,0.204,0.072,0.0013451214889272044,0.6660919329395796,16,0.021671911377675657,0.05722083263387607,0.37874162923042437,0.0568636897767333,0.054177428226792945,1,16.0,9.0,0.03930671337763709,1.7643532145334437,1.2157241348006966,0.9517995669169086,0.39981644019000095,0.007713235073191632,0.0018209616891215015,0.8822657244005704
PT0002000066469574LZ,0.728156428931336,0.2096351963400837,5.844,0.708,0.464,1.008,0.20399999999999996,0.46608459591327633,0.0004646783325384888,14,0.6985988825270358,0.7429026687598116,0.9403639425515381,0.10357362637362633,2.6632344078203642,0,14.0,9.5,0.013180866708210929,0.28789857235450156,0.975378094472122,0.852432203551539,0.5514411361928744,0.11650618967586779,0.0031258613922901584,1.0476962227092628
PT0002000068856655YV,1.7625556867075354,1.9650716842416496,15.0,1.0,0.0,6.0,3.0,0.0365383909901317,0.24746566883108942,11,0.6777979074840959,2.4298112058465287,0.2789508525819626,2.7104141291108403,1.5122031789702366,1,11.0,11.0,1.315285814812299,1.114899063366568,0.6255566788135947,0.8914799859318043,0.5468860186290916,-0.07050619594027177,-0.00043307975183302244,0.48171660710180064
PT0002000068856781NM,31.704263594334776,2.811839588193155,44.0,31.0,29.0,37.0,3.0,0.00018342565758098242,0.0011005539454858946,15,30.555367821315457,32.49595489604293,0.9402821957091102,3.73474178403756,23.85351970622178,1,15.0,15.0,1.7468278865708708,0.08868963569605198,0.07054534579728415,0.8626651706384657,0.6470175828689655,-0.3252567603263383,-0.00010703016296493894,0.27220343487848403
PT0002000068856872QG,0.14573470242552705,0.5018961602024873,9.0,0.0,0.0,1.0,0.0,0.03656284774447583,0.8597160570820647,21,0.09071945512761019,0.1432269009918218,0.6333967606601376,0.23020706455542028,0.16022420783843497,1,21.0,10.0,0.11451318927279591,3.443902871788309,1.4026191377417132,0.6330649051328426,0.08803857928906318,0.008815505219737313,0.0006549055872179001,0.6005244237735335
PT0002000068856906VS,5.8308077101832145,2.7890089307235324,26.0,5.0,3.0,11.0,3.0,0.00018342565758098242,0.0004891350868826198,13,5.6680387756141695,5.932700368879947,0.9553893544575311,2.095070422535211,2.6632344078203642,0,13.0,9.5,0.8080133155274782,0.4783229132822658,0.36331144847106284,0.8835997555454124,0.5225237498431144,-0.12311477691316543,-0.00022028198835825113,0.36418992591013977
PT0002000068856952LS,0.8557403161937654,1.2215457264349465,8.0,1.0,0.0,3.0,1.0,0.17857099184367242,0.36181322376707387,22,1.0683080343572176,0.6150255102040817,1.7370141833673285,1.1667857142857143,0.9279023137003687,1,22.0,23.0,0.033788176032568534,1.4274724508344325,0.9687172659816042,0.8041072626571804,0.8347085678577345,0.058891816874765406,0.0008738980715192166,0.9547774305383958
PT0002000068857099AR,3.037575519114586,3.3787151238450197,24.0,2.0,1.0,12.0,2.0,0.03655061936730376,0.010491947613632195,21,1.6504046908079688,3.0098964677222897,0.5483260665297557,6.841961023142509,2.8844852964898693,1,21.0,1.0,1.7269445435026693,1.1123065426962198,0.3714717412385468,0.89924561102767,0.5747270084298061,0.10799861533469658,0.00038492849198680534,0.39139585707829894
PT0002000068857897ZV,11.821045083007565,10.001592823218605,65.0,7.0,5.0,35.0,6.0,0.03655061936730376,0.0006970174988077333,9,6.618225464470721,15.50469810335827,0.4268529074446947,15.30085261875761,2.6632344078203642,0,9.0,9.5,7.225435044585215,0.8460836375284302,0.49294955727060363,0.9804225527413394,0.6925441862838284,0.05136948572452544,4.70476893896378e-05,0.40693280290383027
PT0002000068857909SY,4.524400304607184,4.976053969241479,24.0,1.0,0.0,14.0,7.0,0.036526162612959635,0.23263264732137398,21,0.9163571296113434,5.597507395162694,0.16370806948879593,7.937576126674786,4.627554042941916,1,21.0,0.0,1.800355297589797,1.099826194462585,0.6166626506060978,0.9581202278390227,0.6355828886179489,-0.001981736478100243,-4.742013775959233e-06,0.5365157283554102
PT0002000068859187RL,11.734562087986008,11.20055195921767,58.0,7.0,2.0,35.0,15.0,0.00017119728040891695,0.0011005539454858946,0,15.164043423112718,10.992873910127432,1.3794430416546943,14.55551563583803,10.82668392911742,1,0.0,1.0,6.3366881496188965,0.9544925388127551,0.6058810389764445,0.9754831409223165,0.8010320438485822,-0.023528289449185193,-2.0917784300174132e-05,0.5862963094865926
PT0002000068859325FL,31.50468339489015,27.806965356384325,500.0,25.0,7.0,70.0,33.0,0.0365383909901317,0.009330251782285973,19,11.141991980862286,40.069775535061765,0.2780647466096446,51.92813641900122,28.587788930874684,1,19.0,10.0,8.337023381407306,0.8826295763027546,0.401767439814792,0.9400466667141486,0.5812442810496,-0.05133506050428213,-1.7640967564411594e-05,0.38910520996633535
PT0002000068859382XF,20.488029278706858,17.667314679958235,92.0,12.0,7.0,61.0,13.0,0.037724543575822056,0.0005013634640546853,11,10.183396784393668,27.182905052264807,0.37462503602223396,25.453658536585365,2.6632344078203642,0,11.0,9.5,14.525733145355199,0.8623237715849917,0.5573098065720024,0.9879585529052135,0.6939243753899392,0.5095944374567127,0.0002696143109545304,0.442971597024602
PT0002000068859393XH,24.428556577466857,18.18896093464227,110.0,25.0,5.0,56.0,30.0,0.00015896890323685144,0.0018097998214656934,19,7.099671874363501,32.22300469483568,0.22032929398112125,34.28579812206573,19.02301661901208,1,19.0,20.0,6.701121823831461,0.7445778008603238,0.37875395956348723,0.9862317964246595,0.7752532004597967,-0.048439678100892634,-2.068665843423181e-05,0.33454378050685807
PT0002000068859597LS,29.197316816226028,23.99151058316524,142.0,19.0,7.0,80.0,31.0,0.03656284774447583,0.0006481039901194712,10,19.830360564594304,35.06412041064903,0.5655456441614258,26.026492082825833,22.607019216324844,1,10.0,22.0,15.694425121565148,0.821702580897169,0.6699455786437063,0.9864218680956629,0.7836262929177642,-0.2938438000246012,-0.00010896024134431686,0.6018871932775386
PT0002000069698702RB,2.170356412290671,1.1069549545749329,7.344,1.756,1.26,4.576,1.216,0.4297051738263815,0.00040353644667816133,17,1.579649963996159,2.5873386243386243,0.6105308169316064,2.5877921810699585,2.6632344078203642,0,17.0,9.5,0.24834780646124158,0.5100337199486114,0.8902164733212614,0.7758630657700556,0.52796910638385,0.3543702194718481,0.0029863766685171095,0.9528119674342552
PT0002000069803182JW,0.47300196561729746,0.7091207330247061,4.684,0.044,0.0,1.844,1.324,0.6080682832581288,0.10005258202183988,23,0.8170890429505083,0.19248502994011973,4.2449485199170915,0.9511497005988024,0.6639855070236736,1,23.0,0.0,0.02085301520119995,1.4991919369706186,1.9241879561208295,0.9800023339701103,0.9476535007585741,0.06349490110381507,0.0035725914340070937,1.8983095418523477
PT0002000071896778MT,9.932266502758798,13.190327429350937,68.0,2.0,0.0,40.0,14.0,0.14452718979664209,0.04311725790870294,7,11.560849451180658,10.10856359004507,1.1436688653337257,9.57681755829904,12.588646567137987,1,7.0,23.0,8.112520602059455,1.3280279406203181,1.1710562685507215,0.9787723953099123,0.7469064615360022,0.9385152418943542,0.0011521382953319343,1.0385471006061544
PT0002000073231742VK,4.895305887820748,3.3665863897958612,22.0,3.0,2.0,13.0,2.0,0.00018342565758098242,0.0005747337270870783,12,3.168021463836229,6.111334674714956,0.5183845481321134,6.058392018779343,2.6632344078203642,0,12.0,9.5,2.390477931037901,0.6877172677139018,0.3308142396474143,0.9314506179443113,0.6692034156772951,-0.011972784180724817,-2.5516014756173067e-05,0.31400317115562676
PT0002000073481266XH,4.324336502214832,3.6559351981899195,24.0,2.0,1.0,12.0,5.0,0.03656284774447583,0.0008070728933563227,11,1.9471523181399402,5.929310944840786,0.328394367617741,6.200974421437272,3.098704977311185,1,11.0,21.0,3.3635345893283883,0.8454326337271459,0.4661494251253294,0.9288708075817065,0.5742996020848992,0.048708970135459245,0.00012195059759216421,0.3541379909317083
PT0002000073598156DE,0.6331559806150018,0.6355183680688345,3.36,0.976,0.004,1.756,1.116,0.4297418589578977,0.26212749306039596,20,0.005408752222521999,0.978042328042328,0.005530182147993821,1.5345576131687246,0.6282293569917846,1,20.0,9.0,0.006907603313197094,1.0037311302841017,0.8897713342262265,0.9632564674358984,0.9773107265456991,0.10188642596841405,0.002943418244048761,0.9601000007573919
PT0002000073717386HC,5.496204957670682,9.045480723268374,33.0,1.0,0.0,27.0,1.0,0.03656284774447583,0.19932254790466758,18,0.9029757915360014,8.562945884809468,0.1054515354508857,14.850487210718637,6.334657876328521,1,18.0,18.0,0.15122559764393634,1.6457684516739515,0.7059514995145012,0.9323781340999476,0.9430554796172487,-0.6356014742385474,-0.0012520349249311674,0.7000424120393063
PT0002000075637532JB,4.327908572408766,5.40751435452686,31.0,2.0,1.0,17.0,4.0,0.14453941817381416,0.014209374273940105,10,1.2640562675275102,6.465755437977661,0.19550016694149475,9.337448559670781,4.141450782415485,1,10.0,21.0,4.290696126829446,1.2494520769225084,0.7730873210661483,0.9652883755147874,0.6694839247069093,0.08593289021310999,0.00024210245601586304,0.5814223730163898
PT0002000077394934QY,20.47566826593557,9.760734319474293,83.0,18.0,11.0,41.0,10.0,0.0365750761216479,0.0007948445161842572,12,14.445486262543314,24.613755002610052,0.5868867330893441,17.026187576126677,2.6632344078203642,0,12.0,9.5,3.705030333152719,0.4766991823027715,0.33934807309614695,0.9779417307757312,0.7940906817791473,-0.0030639509418281534,-1.6201070132701884e-06,0.4019432057444355
PT0002000077647404EM,3.4402058715270285,6.608230785155504,35.0,1.0,0.0,20.0,1.0,0.03656284774447583,0.4506156987906135,21,1.2532748726928535,3.180920480250566,0.39399754897177786,9.977161997563947,4.432016441958093,1,21.0,0.0,3.4845950941255825,1.920882363421542,0.8542268901111693,0.9614072020438804,0.5250844907261379,0.20580852555225235,0.0006476992523195401,0.6190263051535192
PT0002000078207354XC,3.635144053813936,2.9600767171574804,20.0,2.0,0.0,9.0,5.0,0.036526162612959635,0.059943504897465055,19,1.3538906359158762,4.529471898381764,0.29890695124956584,4.478075517661389,3.1601943473849907,1,19.0,0.0,1.3014343580822862,0.8142941994421967,0.48435855429924146,0.9440302797256435,0.6319439341627016,-0.012775246601937825,-3.804745368210578e-05,0.4641418939042988
PT0002000078233981HJ,2.6158333741010713,3.8281285224592367,16.0,1.0,0.0,11.0,2.0,0.00015896890323685144,0.2960979248443939,19,0.5676946028181444,3.070212944332663,0.18490398324522006,6.720363849765258,2.3283006845025347,1,19.0,18.0,2.626005184073752,1.463445095685718,0.4495882489517285,0.9398217534669737,0.4958242339319219,-0.009096281995008507,-3.627778316794038e-05,0.39383346686773535
PT0002000078294957RQ,5.48199598923694,7.567065291498691,48.0,2.0,1.0,24.0,5.0,0.03655061936730376,0.004952492754686525,12,1.6096728134099252,8.04163041586915,0.2001674697998353,11.457064555420217,5.404921022530885,1,12.0,22.0,5.23794332381178,1.3803485639820725,0.8030844759077279,0.9738131924046945,0.6914099476291918,0.1394025173855581,0.00027530928463989147,0.5722425890121573
PT0002000078441876HB,218.21248104485642,103.0808095800531,574.0,196.0,85.0,398.0,173.0,0.5000305709429301,0.0003179378064737029,12,117.38267863607894,279.32243460764585,0.4202407830254027,216.92605633802816,2.6632344078203642,0,12.0,9.5,65.26406944413297,0.47238732214800994,1.0456859991311196,0.974878692114795,0.8085084637258186,-37.08331496870446,-0.003545466363766167,1.0964174905188884
PT0002000079901964CJ,0.6103887879155055,0.6199995165401565,1.916,0.032,0.0,1.296,1.264,0.3944752191936608,0.3024077674651797,2,1.1971122699279526,0.19241251384274638,6.221592587820564,1.222048449612403,0.6263227936738196,1,2.0,0.0,0.004736776916039325,1.0157452574734733,0.8623790423356733,0.9731069491665583,0.9902316724260934,-0.045063776311898646,-0.001271765298411921,0.9210030312082007
PT0002000081344542CP,3.115533019406755,4.613518942918415,25.0,1.0,0.0,13.0,4.0,0.03656284774447583,0.355307727111535,19,0.7474870659873506,3.547111536453802,0.21073119869657247,7.790803897685749,3.1139548207395755,1,19.0,22.0,2.501880349513255,1.4808120838972523,0.5657379112433959,0.9325570145486795,0.5666392297213866,0.07806379336499851,0.0002712762416422145,0.4861426040710775
PT0002000081997398TD,27.679439823874755,18.045468968950953,155.0,24.0,7.0,61.0,27.0,0.00020788241192511343,0.0006481039901194712,17,10.963717160784098,37.10718477531857,0.2954607639239852,39.41901408450704,2.6632344078203642,0,17.0,9.5,4.532345357391663,0.651944876188785,0.26552384134076207,0.957197959961221,0.883568566183738,0.5711532180030775,0.00021527989840204972,0.31369718139324054
PT0002000082549706RH,9.122862908855522,5.64136366225133,37.0,7.0,3.0,21.0,5.0,0.03656284774447583,0.0005747337270870783,2,9.439387022327567,8.939229163041585,1.0559508935461503,2.762484774665043,2.6632344078203642,0,2.0,9.5,1.0370891372497375,0.6183764590801079,0.6242212736955131,0.9646169719303532,0.9076177153500423,-0.39421260327711094,-0.00046783619996490586,0.6484537522179652
PT0002000082592498EF,0.5386167059847462,0.6737033445028227,3.552,0.188,0.064,2.24,1.0239999999999998,0.4660968242904484,0.00040353644667816133,18,0.39108919089986877,0.6446023547880689,0.606713872505865,0.7676703296703296,0.7011605345256942,1,18.0,3.0,0.2877118159821008,1.2508029123810767,1.5453226687547568,0.9811030221712194,0.6067048695257927,0.0899351710748801,0.0032621587987959762,1.2636901043275754
PT0002000084414998AX,1.000804699846545,0.8771641366744238,10.12,0.916,0.312,3.14,0.668,0.4660968242904484,0.01856267654719542,15,0.7099848015103343,1.2045032967032963,0.5894419745081229,0.7442351648351649,1.0234973832947556,1,15.0,10.0,0.026384637983197148,0.8764588503720265,1.2389736000756209,0.541657529466932,0.5936756326475134,0.12950530202528565,0.0025280960239541708,1.2514774730403897
PT0002000085555547GN,1.4428695186019085,1.3530566139214173,8.892,1.372,0.04,4.105199999999982,2.06,0.4297296305807256,0.00041576482385022686,21,2.2328629336191885,0.7638853615520282,2.923034065062534,2.7619526748971195,2.6632344078203642,0,21.0,9.5,0.15617597007679598,0.9377539662993803,1.0111988737918085,0.8759495727615034,0.8683390763807997,0.2338489889619268,0.002964459270649804,1.022473348373976
PT0002000085641795MX,0.08575234767416468,0.0824754046921192,1.388,0.068,0.0,0.288,0.023999999999999994,0.6080438265037846,0.023882020617043913,16,0.05922971323796533,0.1045759195893926,0.566380037302327,0.1220359281437126,0.09091547239310394,1,16.0,0.0,0.009967390688626437,0.9617859677207095,1.4377118116483907,0.9629117844770332,0.5400222308114917,0.014957764034672165,0.00464195586206,1.4144488832419335
PT0002000089069203YG,3.2306345140850445,2.446624322719657,152.8,3.056,0.38,7.116,4.168,0.3592819496924563,0.0005502769727429473,11,2.150344808921016,3.990828558346416,0.5388216450500702,2.663550366300367,2.724178012290965,1,11.0,11.0,0.5706393825387865,0.7573200595897711,0.9643916626688298,0.8357843227554677,0.590179340925418,0.22173472213365888,0.0011173694037855367,0.9375565507910557
PT0002000100113293JT,42.29064747321559,14.713097819990908,74.0,46.0,8.0,58.0,10.0,0.00015896890323685144,0.0008559864020445847,9,39.059105413086115,43.99775737759893,0.8877521887734376,7.516459606696792,37.51342857686475,1,9.0,11.0,1.4520350263477428,0.3479042932437797,0.3295485258134578,0.9807030179997913,0.9169875100385809,-1.3231631056301107,-0.00032640435909353694,0.41384511444470695
PT0002000100742616GC,3.3444501042119974,4.1875946226721945,22.176,1.072,0.236,12.34,5.324,0.4660968242904484,0.013365616249067586,0,4.669128424623026,3.1459507064364205,1.4841708787967587,5.163184434360554,3.91770720079449,1,0.0,19.0,2.0424598945572563,1.25210258553367,1.4046231718125992,0.9459006438615921,0.8279114854159536,0.6407711056762034,0.0037431182862140183,1.3486217729621086
PT0002000101964938LF,5.218820709777302,4.482709111927792,29.0,3.0,1.0,14.0,7.0,0.1785465350893283,0.0007214742531518642,15,2.4255081061670793,7.269668367346939,0.33364769664895555,6.499642857142858,4.3466889847525625,1,15.0,5.0,4.25359225343628,0.8589505869649006,0.7072517472391542,0.9642468504770083,0.6046461717503934,0.41893341097069603,0.0010193128792699052,0.5851724417270061
PT0002000102936404ME,5.105946186064221,2.6172376491455354,22.0,5.0,0.0,10.0,2.0,0.036526162612959635,0.06218129791995304,21,4.146954265205427,5.454541499912997,0.7602754998328592,7.828258221680877,2.6632344078203642,0,21.0,9.5,0.1541718387958532,0.5125862188459455,0.29409400134485314,0.9153251002771057,0.8136978725466081,0.20039310295304408,0.00042489778539251825,0.3891964827343236
PT0002000103647515BL,0.6170404498089835,1.165898018360838,5.0,0.0,0.0,3.0,0.0,0.0365383909901317,0.7319539723883244,20,0.2669373881163117,0.37021489472768404,0.7210336264635183,2.6775274056029232,2.6632344078203642,0,20.0,9.5,0.01088083075522113,1.8895001433403007,0.3585390682383698,0.9290414252556908,0.9680163921161289,-0.027093779404271424,-0.0004753783493467896,0.4452307579437066
PT0002000105483259QH,0.2371182564240549,0.4272009717706372,3.0,0.0,0.0,1.0,0.0,0.00017119728040891695,0.7635154138694253,18,0.19156136122630724,0.23337944332662638,0.8208150576407339,0.256161971830986,0.18816342158437496,1,18.0,7.0,0.03100828094924138,1.8016367791041965,0.300723681002868,-0.22311723153791416,0.0902981493504399,0.01343391774938061,0.0005910577351500534,0.3463273780681312
PT0002000106237165CF,0.08608387155879256,0.048517252089452984,0.98,0.08,0.044,0.168,0.024000000000000007,0.46608459591327633,0.0008804431563887156,18,0.07252794518910279,0.09577645211930921,0.7572628092211471,0.07572087912087909,2.6632344078203642,0,18.0,9.5,0.01358039257325723,0.5636044384495095,0.9941905102216804,0.9065675622757501,0.466686121648499,0.015564296547451065,0.0035322636483152365,1.042262827588875
PT0002000107046231FW,3.117600395999391,4.028037129532916,27.0,1.0,0.0,12.0,3.0,0.03655061936730376,0.2076745295131883,10,1.0652462169932524,4.523120758656691,0.23551133693578788,5.88489646772229,3.4834215698426925,1,10.0,21.0,3.070952237145253,1.2920312477191844,0.7845987137749227,0.9593348612944634,0.6518984363541095,-0.010526190216462705,-3.655440512903657e-05,0.57638583139912
PT0002000107172384HT,5.5355279520862215,3.5018341819800853,34.0,5.0,2.0,12.0,4.0,0.14451496141947,0.0005625053499150128,21,4.03885987885125,5.816480501665686,0.694382088566209,4.95233196159122,2.6632344078203642,0,21.0,9.5,0.5663920106452566,0.6326106944614595,0.5436718808511624,0.9011253403193555,0.5573382140079369,0.02028414021886206,4.4678953691807406e-05,0.5646691887084684
PT0002000107332489XW,0.11076361145164783,0.018233735664743556,0.368,0.112,0.108,0.116,0.0,0.3217163750198711,0.011188965112439928,22,0.11088113573732986,0.11024110232328221,1.0058057602886694,0.003986159169550196,0.11151667137279252,1,22.0,0.0,0.0016515553610341911,0.16461846472659675,0.7052015223686242,0.9406323230897606,0.23674614574336098,0.01647547731375087,0.002287427943817103,0.7755139408045716
PT0002000108315818YN,0.03713766854325255,0.15151386192788346,1.196,0.0,0.0,0.076,0.02,0.03776122870733825,0.5106814874597992,21,0.023907262319276066,0.033104529616724686,0.722174959018234,0.07852560975609761,0.07221202633499652,1,21.0,0.0,0.004124688331402612,4.079789277870854,2.4153032496242703,0.9784157667476465,0.9565207115175679,0.007429014886505445,0.002168460910312246,2.3571355848749698
PT0002000109837807PE,3.495513219185906,3.0173906453659742,13.0,2.0,0.0,9.0,5.0,0.03656284774447583,0.0539393717059809,20,1.6141504015582946,4.187445623803724,0.38547375812657336,4.912302070645555,2.656170147894374,1,20.0,21.0,1.3042761562162701,0.8632182046414102,0.5106132657613394,0.9334944612854017,0.6345983411390169,0.11265119206774854,0.00034891473463709104,0.45023115957230797
PT0002000109942242HZ,0.06486468782923366,0.16338792346912018,0.496,0.0,0.0,0.488,0.0,0.46608459591327633,0.45735353461242156,22,0.023435980260672756,0.05267927786499211,0.44488043895998586,0.3130945054945055,0.06500367998625574,1,22.0,0.0,0.0027333278245192283,2.518904028325307,1.129851017269222,0.9340325376488399,0.9877764843906561,0.008039532024271394,0.002421407275782434,1.2110038561648087
PT0002000110090564GD,3.6860910585376314,4.0545462604822875,19.0,2.0,1.0,13.0,4.0,0.14456387492815828,0.0006481039901194712,19,1.3731877919258075,4.377523025671174,0.31369059257324333,7.584019204389575,2.6632344078203642,1,19.0,2.0,2.3383215557694292,1.099958247393604,0.5974899095561691,0.9431054352675157,0.5175382551726725,0.18799054972117413,0.000621870891090964,0.5705667520346995
PT0002000110607652SB,5.4437315787906755,5.735292860309408,35.0,2.0,1.0,17.0,8.0,0.17852207833498415,0.0013940349976154665,15,1.8490444231860432,8.001428571428571,0.23108928695415645,8.203214285714285,4.959541917377258,1,15.0,20.0,5.0157332348950785,1.0535590848481002,0.774656550398131,0.9633338873935169,0.5945959625107848,0.42331630897757544,0.0009873934890657942,0.6059308218725615
PT0002000112026362NN,0.008164323847773915,0.015034761120496547,0.068,0.004,0.0,0.036,0.004,0.001332893111755139,0.8200961150445725,22,0.005283909107863943,0.00689222763135805,0.7666475036058549,0.0189494712103407,0.015234600867028063,1,22.0,0.0,0.001053862287628796,1.8415194449441061,0.9902361768326581,0.9660383368188379,0.904306324338649,-0.0023938894064326386,-0.003062534365513196,1.0062636155013174
PT0002000112171317NK,0.2418650977202836,0.2940829350234322,1.08,0.0,0.0,0.84,0.516,0.03770008682147792,0.48177360382503637,0,0.47480947621163117,0.0709884146341463,6.688548809811594,0.5126547622959391,0.18813443656313888,1,23.0,1.0,0.0013547318399291842,1.2158965381749225,0.5533214779683692,0.9765678653131679,0.9951178129801653,-0.035734213324843674,-0.001601468621788957,0.6327540496180357
PT0002000112989585PH,14.161284412074572,7.882464580835375,89.0,15.0,5.0,28.0,13.0,0.46608459591327633,0.0007214742531518642,14,10.208355951280522,16.943602825745682,0.6024902764935566,9.219780219780223,6.504849137931034,1,14.0,0.0,5.6313756589206,0.5566207380253176,1.1057196458055703,0.9645722776741765,0.7545921460597159,2.273752560913499,0.0031367937352771505,1.1415900278707154
PT0002000114685657JR,46.47075346284146,25.594442762150134,178.0,35.0,24.0,102.0,27.0,0.42969294544920944,0.0004402215781943578,11,31.58072019847348,56.868643445032326,0.5553274754830144,39.89348025711661,34.035211290164035,1,11.0,1.0,23.365415455216475,0.5507645315588813,0.9793484386179823,0.975896406419518,0.6951995431990123,8.030924713812443,0.0031607849852475695,0.9909553568853294
PT0002000115031201VQ,6.151772173572722,9.524575651844058,57.0,2.0,0.0,31.0,6.0,0.00015896890323685144,0.056605157929491175,12,1.9623611875097509,9.018381120053656,0.21759572603847502,12.171361502347418,7.29582133293194,1,12.0,19.0,6.373217720503125,1.5482653425886768,0.9833965311852335,0.9881722984743523,0.7078785581726125,0.20598584298828157,0.0003493204665050427,0.740247800597271
PT0002000115673389QK,13.678521113353387,11.587557335951487,67.0,11.0,3.0,38.0,16.0,0.0365383909901317,0.0005747337270870783,10,13.969387408531421,14.241256307638768,0.9809097671417149,12.793239951278927,11.974562247110555,1,10.0,17.0,7.964195422568937,0.8471352450989283,0.6568262907748705,0.9766941206873945,0.7905922316469421,0.5608918245312589,0.0004439391104762788,0.6211001529072214
PT0002000115673471CB,11.708779144296793,15.020249754719122,111.0,4.0,2.0,42.0,14.0,0.0365383909901317,0.0004891350868826198,1,17.17278247254875,10.742017574386635,1.5986552203652775,23.68825084353567,11.874376448917703,1,1.0,19.0,6.908887126529623,1.2828194613300319,0.6868939647634733,0.9543859929927738,0.8949667560440941,0.037080505828196775,3.42860519157266e-05,0.6535262023490497
PT0002000115700602GW,8.580165509538375,8.336430902973875,42.0,4.0,2.0,27.0,8.0,0.03656284774447583,0.0005869621042591438,9,3.7382301803849396,11.92411258047677,0.3135017516108919,13.391620874153261,6.446273451120074,1,9.0,20.0,6.681407295339369,0.9715932511682268,0.5480999588462583,0.9688402245566353,0.6883110724248634,0.13888055138820157,0.0001752428202642374,0.43054431972244217
PT0002000117822355RM,2.6125283675759867,1.7487080809147526,10.228,1.612,0.576,5.388,3.0520000000000005,0.46612128104479256,0.0004646783325384888,21,1.4603816543558898,2.993664992150707,0.4878240077580369,2.7048351648351647,1.8589256538283017,1,21.0,11.0,1.234631267302384,0.6693546767253966,0.9815402477938411,0.9469847995701872,0.41660288913353966,0.43958525237099,0.00328743629840791,1.0452350293596655
PT0002000119303492KB,5.610005457753183,5.645738503152479,39.0,3.0,1.0,17.0,6.0,0.03656284774447583,0.010357435464739474,12,3.847764232308493,7.226183226030973,0.5324753209201286,8.413520097442143,5.485566716265384,1,12.0,22.0,4.717991390174185,1.006369520612482,0.6738185464465447,0.9601080971981057,0.6427011360129244,0.07295103428597266,0.00014078702666867578,0.5309582393097974
PT0002000120237616VJ,6.08421413557149,5.065369625580583,25.0,4.0,2.0,17.0,5.0,0.17973268767501865,0.0007337026303239297,12,2.6909658612132032,8.335683629675044,0.3228248552564257,9.412374821173106,2.6632344078203642,0,12.0,9.5,4.34511144309053,0.8325429566927617,0.6461685938559929,0.9581939426787422,0.6737673634931125,0.3402615257203476,0.0007111657060235677,0.5887934975104779
PT0002000120320157HF,0.07274963780087945,0.00758174771749677,0.368,0.072,0.064,0.084,0.007999999999999993,0.03779791383885445,0.0034606307396945354,18,0.07135647551422278,0.07366811846689891,0.9686208498223717,0.004063414634146292,2.6632344078203642,0,18.0,9.5,0.00044626675631621697,0.10421698233396726,0.2109922835927783,0.8664887114342005,0.37036654261789886,-0.0006851352382354776,-0.00010209325069288968,0.34547605273115434
PT0002000123648159KR,6.0234230232262975,6.390885503418816,36.0,3.0,0.0,19.0,9.0,0.036526162612959635,0.1353803636719371,12,5.925043262591826,6.819166521663477,0.8688808586458251,7.4497563946406835,6.762748455005151,1,12.0,1.0,4.748163228484944,1.0610055908036982,0.7691902133175643,0.9649935844434536,0.712599796440066,0.01370510457281776,2.463297804213055e-05,0.6820680570712273
PT0002000123801456QA,0.14394098200073466,0.2994944757625698,2.036,0.08,0.032,1.252,0.044000000000000004,0.001308436357411008,0.0011127823226579601,20,0.06544159578335182,0.19633615914050692,0.33331402666647303,0.1651304347826087,0.13384602833890222,1,20.0,2.0,0.003599896402234399,2.080675507417625,1.4221386092504469,0.9689448430884413,0.954805498956265,0.024636038397084396,0.0017876104576615,1.396694661454132
PT0002000125379984SH,4.752058377883873,4.824339883151796,63.0,2.0,1.0,14.0,7.0,0.14452718979664209,0.026988028418748547,19,1.4703162910774579,5.922423084460122,0.24826262327246237,7.451989026063101,3.90912001552741,1,19.0,0.0,2.086540602872112,1.0152105676151457,0.6352877476927595,0.9362503816946944,0.5575275451833382,0.183237587847149,0.00047015866538209565,0.5945128691485032
PT0002000131605602FL,1.3250249465431219,1.5877639138216861,4.684,0.0,0.0,3.42,3.196,0.6397153233794343,0.20821257810875918,22,2.7347188193572367,0.31212098650535136,8.761726822590155,2.828778501628664,1.5298719117212471,1,22.0,0.0,0.011640285188046396,1.1982898268927147,1.5090120667142954,0.9735013818623692,0.9541747061078664,0.12300180449638043,0.0026875681970873,1.5342499055582832
PT0002000133505542CK,0.11327844241719223,0.013814357391657383,0.236,0.116,0.108,0.12,0.0040000000000000036,0.0013695782432713356,0.0007948445161842572,4,0.11632790146588667,0.11162489508141675,1.0421322356544178,0.0063478260869565956,0.09738349832440778,1,4.0,1.0,0.0008149064794233628,0.12195045320962837,0.1234785898132924,0.970249526672285,0.821758061061556,0.0009707193635551127,8.950751269959833e-05,0.28603302167938377
PT0002000133685986TF,0.07975461839617726,0.09888892424934759,8.0,0.0,0.0,0.192,0.192,0.17853430671215623,0.47292025875246096,0,0.14168805972059334,0.035631020408163246,3.976536683415665,0.144289066427289,0.10782251733490844,1,0.0,0.0,0.0005856825124795272,1.2399147063574623,0.8056543553845351,0.8800182903664071,0.9019332665655923,0.016816864827424758,0.0026774268727323787,0.880062804591878
PT0002000201936109ME,0.25962878435966313,1.2815218572707996,30.0,0.0,0.0,2.0,0.0,0.3945363610795211,0.5508517064700343,12,0.1443139469869791,0.3123615725359911,0.46200928563436167,0.3682170542635659,1.2034569228605176,1,12.0,23.0,0.27954268045079883,4.935977574410665,4.794342805839585,0.9659711702556247,0.5599763226071572,0.03227674234440525,0.0021417394958986916,2.0736342601977737
