CPE,mean,std,max,median,p05,p95,iqr,missing_pct,pct_zero,hora_pico,mean_noite,mean_dia,ratio_noite_dia,amplitude_horaria,diff_utilizacao_nao_utilizacao,tem_dias_nao_utilizacao,hora_pico_utilizacao,hora_pico_nao_utilizacao,diff_weekday_weekend,cv,cv_diario,autocorr_lag1,autocorr_lag96,tendencia_slope,tendencia_norm,cv_mensal,cluster
PT0002000032936306KX,2.436307789473684,2.779039357857726,30.756,0.0,0.0,5.576,5.356,0.5353216674615112,0.2484683957591988,22,5.046701782143407,0.5676058802308802,8.891207716330568,5.191618686868686,2.5733580600865023,1,22.0,0.0,0.0326594443230502,1.1406766295559407,1.178123921649494,0.9739844738110176,0.9103711165095594,0.387105894452294,0.0035666711194191,1.1939456377835476,6
PT0002000032942455NH,0.090891676026457,0.1311653791150419,2.86,0.06,0.0,0.284,0.088,0.6080560548809567,0.096163958081123,22,0.0716062034727895,0.0891933276304533,0.802820181454257,0.093188622754491,0.1030012726821978,1,22.0,0.0,0.0361753328589119,1.443095615013876,2.113305953728964,0.9302058595446464,0.0542001030089116,0.016810063540778,0.0049219720176996,1.528725704788065,4
PT0002000032966446CC,0.0997910814205778,0.1052072631647814,2.244,0.084,0.0,0.224,0.1159999999999999,0.5716644044168898,0.0890225858126368,22,0.0881684719019935,0.0995755381604696,0.8854430870351586,0.0621671232876712,0.1047409459295038,1,22.0,23.0,0.0124220844367615,1.0542752084364797,1.42453914583529,0.8361266249973226,0.1983523089987422,0.0159213055512944,0.003885264932062,1.3516497314473814,4
PT0002000032968749YT,3.640023819339472,4.001380856038659,31.496,2.036,0.524,12.747799999999987,3.208,0.4660845959132763,0.0006603323672915,12,2.209359420964469,4.75685918367347,0.464457604409954,6.075705494505495,3.3496888458760576,1,12.0,0.0,2.5603710407728197,1.0992732615592498,1.2531713638337785,0.9425642149087082,0.6688872394879193,0.6180646973726356,0.0033172264421809,1.1545009875941032,4
PT0002000032969229AC,2.069069354404677,2.9120939836171544,21.576,0.496,0.304,8.604,2.472,0.5001406263374788,0.0004769067097105,11,0.4355208120395223,3.2016504024144865,0.1360300961376293,5.443030516431925,2.311277371732048,1,11.0,18.0,2.207453712247271,1.4074414554629735,1.3626870131092796,0.964176455792718,0.6423558911574803,0.3644709914591041,0.0036758513132217,1.1441787587773042,4
PT0002000032976997LZ,3.039817298488323,3.1739233773902877,44.48,1.468,0.34,9.298399999999994,4.668,0.3229269843599056,0.0046100981938686,11,2.6668271305943594,3.5741454567962374,0.7461439840181624,4.895559792027729,3.0502691063926832,1,11.0,18.0,1.9820554246118516,1.0441164931091924,1.0599030337786628,0.9674012100338404,0.7622410068958215,0.5189105317431082,0.0026298280562031,1.0051317612996569,1
PT0002000032990792KD,2.3355583929089616,3.371274647424072,28.7,1.044,0.0,12.128,2.2220000000000004,0.5364589065385132,0.0292991917042689,1,3.120955241097192,2.213832368896925,1.4097522851977513,2.310964756152413,2.5442538292575314,1,1.0,18.0,2.1475077666379883,1.443455516958887,1.780507698106328,0.9766048974980532,0.7041072026033808,0.4854658288554767,0.0046773250489735,1.6071822032791558,0
PT0002000032993611ME,0.8494830226845831,1.006829077124737,7.016,0.344,0.276,3.292,0.5,0.3229392127370776,0.0203724763686611,11,0.3232795861625424,1.2056379054221342,0.2681398657993847,1.488974003466205,0.8751028831427609,1,11.0,0.0,0.5080846298952829,1.1852256610648912,1.0118658589952754,0.9689311789625452,0.6541609532723702,0.1148365850166051,0.002082647456589,0.8469807387978847,4
PT0002000033016394FN,1.1994856245033592,1.1875631492867489,8.28,0.612,0.36,3.784,1.088,0.3228902992283894,0.0055516832361177,17,0.5577746426034994,1.6349223817776677,0.3411627663920201,1.8091559792027727,1.207635482110103,1,17.0,0.0,0.6629101107327445,0.9900603433896534,0.9146277117419002,0.9833578806072218,0.5507406525139948,0.1749484265151182,0.0022468486262606,0.862437345254823,4
PT0002000033039837ZH,1.610797607050196,1.700687759387975,11.816,0.916,0.508,5.852799999999989,1.044,0.4297051738263815,0.0180368563287966,10,0.8505256177433552,2.144937683715461,0.3965269593613902,2.5253374485596707,1.6582576221586798,1,10.0,0.0,1.1525436811589822,1.0558047466325655,1.140591345422627,0.9743964013733076,0.6235021920248324,0.2825811138040744,0.0032086369617647,1.0178007136712204,4
PT0002000033074862LZ,6.626553250819431,6.229196130896825,35.0,3.0,2.0,20.0,6.0,0.0001589689032368,0.0009538134194211,12,3.034651654789505,9.10349597585513,0.3333501396428582,10.256455399061032,2.663234407820364,0,12.0,9.5,5.003998070332148,0.9400356256288336,0.4899617221421683,0.969441609934362,0.6819015203093446,0.0987433064166329,0.0001554557802147,0.3678420107240727,8
PT0002000033085062AW,2.6323282716731087,3.2561226262172887,19.504,1.218,0.0,9.996,3.456,0.8228352715311151,0.0262787825427687,11,1.0066977546515294,3.5661811731315045,0.2822901321548777,3.823258278145695,4.163934349110405,1,11.0,0.0,3.168437743954973,1.2369743778756348,3.031938387278021,0.966037127033608,0.5663021972711677,0.2596413532798659,0.0058073019768672,2.5900801504664805,0
PT0002000033094187PL,0.7496075381546008,0.6902602004312575,4.668,0.412,0.168,2.244,0.8719999999999999,0.0377123151986499,0.0005013634640546,9,0.476866337280997,0.9210307491289196,0.5177528955813921,0.6926329268292684,0.6553788363885219,1,9.0,8.0,0.4469600992193922,0.9208287874619754,0.7655005038336846,0.9524284062742974,0.5038557547756949,-0.0837770524130696,-0.0012114459991203,0.5514805286659281,1
PT0002000033171958DG,1.1117333944113603,1.1411550659543443,7.58,0.424,0.352,3.588,1.104,0.4661090526676205,0.0004157648238502,10,0.713477346112889,1.4039618524332809,0.5081885557476676,1.3137582417582416,2.663234407820364,0,10.0,9.5,0.889956508881168,1.0264646827115973,1.34962765864909,0.9744222507549498,0.5518494942799653,0.2147917753479537,0.0037746987402892,1.189010618274229,4
PT0002000033186037TF,7.345530692463113,5.3803351415611385,27.604,6.16,1.412,19.6,5.752000000000001,0.0013695782432713,1.2228377172065495e-05,11,4.2873426533982855,9.52016904482122,0.4503431223976546,9.436673325499411,5.959755411496377,1,11.0,13.0,2.382339145806545,0.7324637751608111,0.4561967450853602,0.976223082151401,0.6990706918448307,-0.837342136728661,-0.0011906738986895,0.4594538103004567,1
PT0002000033254603ZX,3.997360121997713,4.617515245956159,25.232,1.36,0.296,13.34,6.824,0.0377490003301661,0.0007826161390121,12,4.144582701336194,4.3403791811846695,0.9548895449740328,6.5694536585365855,4.647162377100185,1,12.0,22.0,3.400062384363688,1.155141169429718,0.8005179865500498,0.9692890260035786,0.7411428424230815,0.0025194470882335,6.832213863621647e-06,0.6816468084462247,1
PT0002000053093191SV,0.760175025713866,0.6132019730318499,3.552,0.584,0.164,1.956,1.016,0.0013328931117551,0.0004646783325384,15,0.6573783545562671,0.8325185496055061,0.7896260748397376,0.3060802628151121,0.6578228779857384,1,15.0,16.0,0.1641290897891684,0.8066589302325521,0.7589543891602782,0.9883667205280198,0.8821007794920497,-0.0018706213410998,-2.570214671263788e-05,0.7241695274310929,1
PT0002000065256275YB,0.0019012306373599,0.0217292060812863,0.612,0.0,0.0,0.0,0.0,0.0013695782432713,0.9827579881873876,20,0.0001223027503968,0.0029215208997817,0.0418626991188068,0.0103819036427732,0.0032245549037462,1,20.0,16.0,0.0017030237925803,11.429021631725655,2.3027246172326343,0.6074739702693378,0.003320214306082,-6.55545132498138e-05,-0.0003601478758893,0.877509496101453,5
PT0002000065523872AA,0.0442423500312243,0.0780591324961045,2.244,0.008,0.004,0.204,0.072,0.0013451214889272,0.6660919329395796,16,0.0216719113776757,0.0572208326338761,0.3787416292304251,0.0568636897767332,0.0541774282267929,1,16.0,9.0,0.039306713377637,1.7643532145334435,1.215724134800696,0.9517995669169086,0.3998164401900009,0.0077132350731916,0.0018209616891215,0.8822657244005704,2
PT0002000066469574LZ,0.728156428931336,0.2096351963400837,5.844,0.708,0.464,1.008,0.2039999999999999,0.4660845959132763,0.0004646783325384,14,0.6985988825270358,0.7429026687598116,0.940363942551538,0.1035736263736263,2.663234407820364,0,14.0,9.5,0.0131808667082109,0.2878985723545015,0.975378094472121,0.852432203551539,0.5514411361928744,0.1165061896758677,0.0031258613922901,1.0476962227092628,4
PT0002000068856655YV,1.7625556867075354,1.9650716842416496,15.0,1.0,0.0,6.0,3.0,0.0365383909901317,0.2474656688310894,11,0.6777979074840959,2.4298112058465287,0.2789508525819626,2.7104141291108403,1.5122031789702366,1,11.0,11.0,1.315285814812299,1.114899063366568,0.6255566788135947,0.8914799859318043,0.5468860186290916,-0.0705061959402717,-0.000433079751833,0.4817166071018006,1
PT0002000068856781NM,31.704263594334776,2.811839588193155,44.0,31.0,29.0,37.0,3.0,0.0001834256575809,0.0011005539454858,15,30.555367821315457,32.49595489604293,0.9402821957091102,3.73474178403756,23.853519706221785,1,15.0,15.0,1.7468278865708715,0.0886896356960519,0.0705453457972841,0.8626651706384657,0.6470175828689655,-0.3252567603263383,-0.0001070301629649,0.272203434878484,3
PT0002000068856872QG,0.145734702425527,0.5018961602024873,9.0,0.0,0.0,1.0,0.0,0.0365628477444758,0.8597160570820647,21,0.0907194551276102,0.1432269009918218,0.6333967606601381,0.2302070645554202,0.1602242078384349,1,21.0,10.0,0.1145131892727959,3.443902871788309,1.4026191377417132,0.6330649051328426,0.0880385792890631,0.0088155052197373,0.0006549055872179,0.6005244237735335,2
PT0002000068856906VS,5.830807710183215,2.7890089307235324,26.0,5.0,3.0,11.0,3.0,0.0001834256575809,0.0004891350868826,13,5.6680387756141695,5.932700368879947,0.9553893544575311,2.095070422535211,2.663234407820364,0,13.0,9.5,0.8080133155274783,0.4783229132822658,0.3633114484710628,0.8835997555454124,0.5225237498431144,-0.1231147769131654,-0.0002202819883582,0.3641899259101397,8
PT0002000068856952LS,0.8557403161937654,1.2215457264349463,8.0,1.0,0.0,3.0,1.0,0.1785709918436724,0.3618132237670738,22,1.068308034357217,0.6150255102040816,1.7370141833673285,1.1667857142857143,0.9279023137003688,1,22.0,23.0,0.0337881760325685,1.4274724508344323,0.9687172659816042,0.8041072626571804,0.8347085678577345,0.0588918168747654,0.0008738980715192,0.9547774305383958,2
PT0002000068857099AR,3.037575519114586,3.37871512384502,24.0,2.0,1.0,12.0,2.0,0.0365506193673037,0.0104919476136321,21,1.6504046908079688,3.0098964677222897,0.5483260665297557,6.841961023142509,2.8844852964898693,1,21.0,1.0,1.7269445435026691,1.1123065426962198,0.3714717412385468,0.89924561102767,0.5747270084298061,0.1079986153346965,0.0003849284919868,0.3913958570782989,2
PT0002000068857897ZV,11.821045083007563,10.001592823218605,65.0,7.0,5.0,35.0,6.0,0.0365506193673037,0.0006970174988077,9,6.618225464470721,15.504698103358274,0.4268529074446946,15.300852618757611,2.663234407820364,0,9.0,9.5,7.225435044585212,0.8460836375284302,0.4929495572706036,0.9804225527413394,0.6925441862838284,0.0513694857245254,4.70476893896378e-05,0.4069328029038302,8
PT0002000068857909SY,4.524400304607184,4.976053969241479,24.0,1.0,0.0,14.0,7.0,0.0365261626129596,0.2326326473213739,21,0.9163571296113434,5.597507395162694,0.1637080694887959,7.937576126674786,4.627554042941916,1,21.0,0.0,1.800355297589797,1.099826194462585,0.6166626506060978,0.9581202278390228,0.6355828886179489,-0.0019817364781002,-4.742013775959233e-06,0.5365157283554102,2
PT0002000068859187RL,11.734562087986008,11.20055195921767,58.0,7.0,2.0,35.0,15.0,0.0001711972804089,0.0011005539454858,0,15.164043423112718,10.992873910127432,1.3794430416546943,14.55551563583803,10.82668392911742,1,0.0,1.0,6.3366881496188965,0.9544925388127552,0.6058810389764445,0.9754831409223164,0.8010320438485822,-0.0235282894491851,-2.091778430017413e-05,0.5862963094865926,1
PT0002000068859325FL,31.50468339489015,27.806965356384325,500.0,25.0,7.0,70.0,33.0,0.0365383909901317,0.0093302517822859,19,11.141991980862286,40.069775535061765,0.2780647466096446,51.92813641900122,28.587788930874684,1,19.0,10.0,8.337023381407308,0.8826295763027546,0.401767439814792,0.9400466667141486,0.5812442810496,-0.0513350605042821,-1.7640967564411594e-05,0.3891052099663353,3
PT0002000068859382XF,20.488029278706858,17.667314679958235,92.0,12.0,7.0,61.0,13.0,0.037724543575822,0.0005013634640546,11,10.183396784393668,27.182905052264807,0.3746250360222339,25.453658536585365,2.663234407820364,0,11.0,9.5,14.5257331453552,0.8623237715849917,0.5573098065720024,0.9879585529052136,0.6939243753899392,0.5095944374567127,0.0002696143109545,0.442971597024602,8
PT0002000068859393XH,24.428556577466857,18.18896093464227,110.0,25.0,5.0,56.0,30.0,0.0001589689032368,0.0018097998214656,19,7.099671874363501,32.22300469483568,0.2203292939811212,34.28579812206573,19.02301661901208,1,19.0,20.0,6.7011218238314605,0.7445778008603238,0.3787539595634872,0.9862317964246596,0.7752532004597967,-0.0484396781008926,-2.068665843423181e-05,0.334543780506858,3
PT0002000068859597LS,29.197316816226028,23.99151058316524,142.0,19.0,7.0,80.0,31.0,0.0365628477444758,0.0006481039901194,10,19.830360564594304,35.06412041064903,0.5655456441614258,26.026492082825825,22.607019216324844,1,10.0,22.0,15.694425121565146,0.821702580897169,0.6699455786437063,0.9864218680956628,0.7836262929177642,-0.2938438000246012,-0.0001089602413443,0.6018871932775386,3
PT0002000069698702RB,2.170356412290671,1.1069549545749329,7.344,1.756,1.26,4.576,1.216,0.4297051738263815,0.0004035364466781,17,1.579649963996159,2.5873386243386243,0.6105308169316064,2.5877921810699585,2.663234407820364,0,17.0,9.5,0.2483478064612415,0.5100337199486114,0.8902164733212576,0.7758630657700556,0.52796910638385,0.3543702194718481,0.002986376668517,0.9528119674342552,4
PT0002000069803182JW,0.4730019656172974,0.7091207330247061,4.684,0.044,0.0,1.844,1.324,0.6080682832581288,0.1000525820218398,23,0.8170890429505083,0.1924850299401197,4.244948519917091,0.9511497005988024,0.6639855070236736,1,23.0,0.0,0.0208530152011999,1.4991919369706186,1.92418795612083,0.9800023339701104,0.947653500758574,0.063494901103815,0.003572591434007,1.8983095418523477,6
PT0002000071896778MT,9.932266502758798,13.190327429350935,68.0,2.0,0.0,40.0,14.0,0.144527189796642,0.0431172579087029,7,11.560849451180658,10.10856359004507,1.1436688653337257,9.57681755829904,12.588646567137989,1,7.0,23.0,8.112520602059455,1.328027940620318,1.1710562685507215,0.9787723953099124,0.7469064615360022,0.9385152418943542,0.0011521382953319,1.0385471006061544,1
PT0002000073231742VK,4.895305887820748,3.366586389795861,22.0,3.0,2.0,13.0,2.0,0.0001834256575809,0.000574733727087,12,3.168021463836229,6.111334674714958,0.5183845481321133,6.058392018779343,2.663234407820364,0,12.0,9.5,2.390477931037901,0.6877172677139018,0.3308142396474143,0.9314506179443112,0.6692034156772951,-0.0119727841807248,-2.5516014756173067e-05,0.3140031711556267,8
PT0002000073481266XH,4.324336502214832,3.65593519818992,24.0,2.0,1.0,12.0,5.0,0.0365628477444758,0.0008070728933563,11,1.94715231813994,5.929310944840786,0.3283943676177409,6.200974421437272,3.098704977311185,1,11.0,21.0,3.363534589328389,0.8454326337271459,0.4661494251253294,0.9288708075817064,0.5742996020848992,0.0487089701354592,0.0001219505975921,0.3541379909317083,1
PT0002000073598156DE,0.6331559806150018,0.6355183680688345,3.36,0.976,0.004,1.756,1.116,0.4297418589578977,0.2621274930603959,20,0.005408752222522,0.978042328042328,0.0055301821479938,1.5345576131687244,0.6282293569917846,1,20.0,9.0,0.006907603313197,1.0037311302841017,0.889771334226227,0.9632564674358984,0.9773107265456992,0.101886425968414,0.0029434182440487,0.960100000757392,4
PT0002000073717386HC,5.496204957670682,9.045480723268374,33.0,1.0,0.0,27.0,1.0,0.0365628477444758,0.1993225479046675,18,0.9029757915360016,8.562945884809468,0.1054515354508857,14.850487210718637,6.334657876328521,1,18.0,18.0,0.1512255976439361,1.6457684516739517,0.7059514995145012,0.9323781340999476,0.9430554796172488,-0.6356014742385474,-0.0012520349249311,0.7000424120393063,2
PT0002000075637532JB,4.327908572408766,5.40751435452686,31.0,2.0,1.0,17.0,4.0,0.1445394181738141,0.0142093742739401,10,1.2640562675275102,6.465755437977661,0.1955001669414947,9.337448559670785,4.141450782415485,1,10.0,21.0,4.290696126829446,1.2494520769225084,0.7730873210661483,0.9652883755147874,0.6694839247069093,0.0859328902131099,0.0002421024560158,0.5814223730163898,1
PT0002000077394934QY,20.47566826593557,9.760734319474292,83.0,18.0,11.0,41.0,10.0,0.0365750761216479,0.0007948445161842,12,14.445486262543314,24.61375500261005,0.5868867330893441,17.026187576126677,2.663234407820364,0,12.0,9.5,3.70503033315272,0.4766991823027715,0.3393480730961469,0.9779417307757312,0.7940906817791473,-0.0030639509418281,-1.6201070132701884e-06,0.4019432057444355,8
PT0002000077647404EM,3.4402058715270285,6.608230785155504,35.0,1.0,0.0,20.0,1.0,0.0365628477444758,0.4506156987906135,21,1.2532748726928535,3.180920480250566,0.3939975489717778,9.977161997563949,4.432016441958093,1,21.0,0.0,3.484595094125583,1.920882363421542,0.8542268901111693,0.9614072020438804,0.5250844907261379,0.2058085255522523,0.0006476992523195,0.6190263051535192,2
PT0002000078207354XC,3.635144053813936,2.9600767171574804,20.0,2.0,0.0,9.0,5.0,0.0365261626129596,0.059943504897465,19,1.3538906359158762,4.529471898381764,0.2989069512495658,4.478075517661389,3.1601943473849907,1,19.0,0.0,1.3014343580822862,0.8142941994421967,0.4843585542992414,0.9440302797256436,0.6319439341627016,-0.0127752466019378,-3.804745368210578e-05,0.4641418939042988,2
PT0002000078233981HJ,2.6158333741010718,3.8281285224592367,16.0,1.0,0.0,11.0,2.0,0.0001589689032368,0.2960979248443939,19,0.5676946028181444,3.070212944332663,0.18490398324522,6.720363849765258,2.3283006845025347,1,19.0,18.0,2.6260051840737524,1.463445095685718,0.4495882489517285,0.9398217534669736,0.4958242339319219,-0.0090962819950085,-3.627778316794038e-05,0.3938334668677353,2
PT0002000078294957RQ,5.48199598923694,7.567065291498691,48.0,2.0,1.0,24.0,5.0,0.0365506193673037,0.0049524927546865,12,1.6096728134099247,8.041630415869152,0.2001674697998352,11.45706455542022,5.404921022530885,1,12.0,22.0,5.23794332381178,1.3803485639820725,0.8030844759077279,0.9738131924046944,0.6914099476291918,0.1394025173855581,0.0002753092846398,0.5722425890121573,1
PT0002000079901964CJ,0.6103887879155055,0.6199995165401565,1.916,0.032,0.0,1.296,1.264,0.3944752191936608,0.3024077674651797,2,1.1971122699279526,0.1924125138427464,6.221592587820563,1.222048449612403,0.6263227936738196,1,2.0,0.0,0.0047367769160393,1.015745257473473,0.8623790423356729,0.9731069491665584,0.9902316724260934,-0.0450637763118986,-0.0012717652984119,0.9210030312082008,9
PT0002000081344542CP,3.115533019406755,4.613518942918415,25.0,1.0,0.0,13.0,4.0,0.0365628477444758,0.355307727111535,19,0.7474870659873506,3.547111536453802,0.2107311986965724,7.790803897685749,3.1139548207395755,1,19.0,22.0,2.501880349513255,1.4808120838972525,0.5657379112433959,0.9325570145486796,0.5666392297213866,0.0780637933649985,0.0002712762416422,0.4861426040710775,2
PT0002000081997398TD,27.679439823874755,18.045468968950956,155.0,24.0,7.0,61.0,27.0,0.0002078824119251,0.0006481039901194,17,10.963717160784098,37.10718477531857,0.2954607639239852,39.41901408450704,2.663234407820364,0,17.0,9.5,4.532345357391662,0.651944876188785,0.265523841340762,0.957197959961221,0.883568566183738,0.5711532180030775,0.000215279898402,0.3136971813932405,8
PT0002000082549706RH,9.122862908855522,5.64136366225133,37.0,7.0,3.0,21.0,5.0,0.0365628477444758,0.000574733727087,2,9.439387022327567,8.939229163041587,1.05595089354615,2.762484774665043,2.663234407820364,0,2.0,9.5,1.037089137249737,0.6183764590801079,0.6242212736955131,0.9646169719303532,0.9076177153500424,-0.3942126032771109,-0.0004678361999649,0.6484537522179652,8
PT0002000082592498EF,0.5386167059847462,0.6737033445028227,3.552,0.188,0.064,2.24,1.0239999999999998,0.4660968242904484,0.0004035364466781,18,0.3910891908998688,0.6446023547880689,0.6067138725058651,0.7676703296703296,0.7011605345256942,1,18.0,3.0,0.2877118159821009,1.2508029123810769,1.5453226687547572,0.9811030221712194,0.6067048695257927,0.0899351710748801,0.0032621587987959,1.2636901043275754,4
PT0002000084414998AX,1.000804699846545,0.8771641366744238,10.12,0.916,0.312,3.14,0.668,0.4660968242904484,0.0185626765471954,15,0.7099848015103343,1.2045032967032965,0.5894419745081229,0.7442351648351649,1.0234973832947556,1,15.0,10.0,0.0263846379831971,0.8764588503720265,1.2389736000756215,0.541657529466932,0.5936756326475134,0.1295053020252856,0.0025280960239541,1.2514774730403897,4
PT0002000085555547GN,1.4428695186019085,1.3530566139214173,8.892,1.372,0.04,4.105199999999982,2.06,0.4297296305807256,0.0004157648238502,21,2.2328629336191885,0.7638853615520284,2.923034065062533,2.761952674897119,2.663234407820364,0,21.0,9.5,0.156175970076796,0.9377539662993803,1.0111988737918092,0.8759495727615034,0.8683390763807997,0.2338489889619268,0.0029644592706498,1.022473348373976,4
PT0002000085641795MX,0.0857523476741646,0.0824754046921192,1.388,0.068,0.0,0.288,0.0239999999999999,0.6080438265037846,0.0238820206170439,16,0.0592297132379653,0.1045759195893926,0.5663800373023271,0.1220359281437125,0.0909154723931039,1,16.0,0.0,0.0099673906886264,0.9617859677207096,1.437711811648391,0.9629117844770332,0.5400222308114917,0.0149577640346721,0.00464195586206,1.4144488832419335,4
PT0002000089069203YG,3.2306345140850445,2.446624322719657,152.8,3.056,0.38,7.116,4.168,0.3592819496924563,0.0005502769727429,11,2.150344808921016,3.990828558346416,0.5388216450500702,2.663550366300367,2.724178012290965,1,11.0,11.0,0.5706393825387864,0.7573200595897711,0.9643916626688308,0.8357843227554677,0.590179340925418,0.2217347221336588,0.0011173694037855,0.9375565507910556,1
PT0002000100113293JT,42.29064747321559,14.713097819990908,74.0,46.0,8.0,58.0,10.0,0.0001589689032368,0.0008559864020445,9,39.05910541308612,43.99775737759893,0.8877521887734376,7.516459606696785,37.51342857686475,1,9.0,11.0,1.4520350263477428,0.3479042932437797,0.3295485258134578,0.9807030179997912,0.9169875100385808,-1.3231631056301107,-0.0003264043590935,0.4138451144447069,3
PT0002000100742616GC,3.3444501042119974,4.1875946226721945,22.176,1.072,0.236,12.34,5.324,0.4660968242904484,0.0133656162490675,0,4.669128424623026,3.1459507064364205,1.484170878796759,5.163184434360554,3.917707200794489,1,0.0,19.0,2.0424598945572563,1.25210258553367,1.404623171812598,0.945900643861592,0.8279114854159536,0.6407711056762034,0.003743118286214,1.3486217729621088,0
PT0002000101964938LF,5.218820709777302,4.482709111927792,29.0,3.0,1.0,14.0,7.0,0.1785465350893283,0.0007214742531518,15,2.42550810616708,7.269668367346939,0.3336476966489555,6.499642857142858,4.3466889847525625,1,15.0,5.0,4.25359225343628,0.8589505869649006,0.7072517472391542,0.9642468504770084,0.6046461717503934,0.418933410970696,0.0010193128792699,0.5851724417270061,1
PT0002000102936404ME,5.105946186064221,2.617237649145536,22.0,5.0,0.0,10.0,2.0,0.0365261626129596,0.062181297919953,21,4.146954265205427,5.454541499912997,0.7602754998328592,7.828258221680877,2.663234407820364,0,21.0,9.5,0.1541718387958531,0.5125862188459455,0.2940940013448531,0.9153251002771056,0.8136978725466081,0.200393102953044,0.0004248977853925,0.3891964827343236,8
PT0002000103647515BL,0.6170404498089835,1.165898018360838,5.0,0.0,0.0,3.0,0.0,0.0365383909901317,0.7319539723883244,20,0.2669373881163117,0.370214894727684,0.7210336264635183,2.6775274056029232,2.663234407820364,0,20.0,9.5,0.0108808307552211,1.8895001433403007,0.3585390682383698,0.9290414252556908,0.9680163921161288,-0.0270937794042714,-0.0004753783493467,0.4452307579437066,2
PT0002000105483259QH,0.2371182564240549,0.4272009717706372,3.0,0.0,0.0,1.0,0.0,0.0001711972804089,0.7635154138694253,18,0.1915613612263072,0.2333794433266264,0.8208150576407338,0.2561619718309859,0.1881634215843749,1,18.0,7.0,0.0310082809492413,1.8016367791041965,0.300723681002868,-0.2231172315379141,0.0902981493504399,0.0134339177493806,0.00059105773515,0.3463273780681312,7
PT0002000106237165CF,0.0860838715587925,0.0485172520894529,0.98,0.08,0.044,0.168,0.024,0.4660845959132763,0.0008804431563887,18,0.0725279451891028,0.0957764521193092,0.7572628092211474,0.0757208791208791,2.663234407820364,0,18.0,9.5,0.0135803925732572,0.5636044384495095,0.9941905102216806,0.90656756227575,0.466686121648499,0.015564296547451,0.0035322636483152,1.042262827588875,4
PT0002000107046231FW,3.117600395999391,4.028037129532916,27.0,1.0,0.0,12.0,3.0,0.0365506193673037,0.2076745295131883,10,1.0652462169932524,4.52312075865669,0.2355113369357879,5.88489646772229,3.4834215698426925,1,10.0,21.0,3.0709522371452533,1.2920312477191844,0.7845987137749227,0.9593348612944634,0.6518984363541095,-0.0105261902164627,-3.655440512903657e-05,0.57638583139912,1
PT0002000107172384HT,5.5355279520862215,3.5018341819800853,34.0,5.0,2.0,12.0,4.0,0.14451496141947,0.000562505349915,21,4.03885987885125,5.816480501665686,0.694382088566209,4.95233196159122,2.663234407820364,0,21.0,9.5,0.5663920106452566,0.6326106944614595,0.5436718808511624,0.9011253403193556,0.5573382140079369,0.020284140218862,4.4678953691807406e-05,0.5646691887084684,8
PT0002000107332489XW,0.1107636114516478,0.0182337356647435,0.368,0.112,0.108,0.116,0.0,0.3217163750198711,0.0111889651124399,22,0.1108811357373299,0.1102411023232822,1.0058057602886694,0.0039861591695501,0.1115166713727925,1,22.0,0.0,0.0016515553610341,0.1646184647265967,0.7052015223686239,0.9406323230897606,0.2367461457433609,0.0164754773137508,0.0022874279438171,0.7755139408045716,4
PT0002000108315818YN,0.0371376685432525,0.1515138619278834,1.196,0.0,0.0,0.076,0.02,0.0377612287073382,0.5106814874597992,21,0.0239072623192761,0.0331045296167247,0.7221749590182346,0.0785256097560975,0.0722120263349965,1,21.0,0.0,0.0041246883314026,4.079789277870854,2.41530324962427,0.9784157667476464,0.956520711517568,0.0074290148865054,0.0021684609103122,2.3571355848749698,4
PT0002000109837807PE,3.495513219185906,3.0173906453659742,13.0,2.0,0.0,9.0,5.0,0.0365628477444758,0.0539393717059809,20,1.6141504015582948,4.187445623803724,0.3854737581265734,4.912302070645555,2.6561701478943736,1,20.0,21.0,1.30427615621627,0.8632182046414102,0.5106132657613394,0.9334944612854016,0.6345983411390169,0.1126511920677485,0.000348914734637,0.4502311595723079,2
PT0002000109942242HZ,0.0648646878292336,0.1633879234691201,0.496,0.0,0.0,0.488,0.0,0.4660845959132763,0.4573535346124215,22,0.0234359802606727,0.0526792778649921,0.4448804389599859,0.3130945054945055,0.0650036799862557,1,22.0,0.0,0.0027333278245192,2.518904028325307,1.129851017269225,0.93403253764884,0.987776484390656,0.0080395320242713,0.0024214072757824,1.2110038561648084,4
PT0002000110090564GD,3.686091058537632,4.054546260482288,19.0,2.0,1.0,13.0,4.0,0.1445638749281582,0.0006481039901194,19,1.3731877919258075,4.377523025671174,0.3136905925732433,7.584019204389575,2.663234407820364,1,19.0,2.0,2.338321555769429,1.099958247393604,0.5974899095561691,0.9431054352675156,0.5175382551726725,0.1879905497211741,0.0006218708910909,0.5705667520346995,2
PT0002000110607652SB,5.443731578790676,5.735292860309408,35.0,2.0,1.0,17.0,8.0,0.1785220783349841,0.0013940349976154,15,1.8490444231860432,8.001428571428571,0.2310892869541564,8.203214285714285,4.959541917377258,1,15.0,20.0,5.015733234895079,1.0535590848481002,0.774656550398131,0.9633338873935168,0.5945959625107848,0.4233163089775754,0.0009873934890657,0.6059308218725615,1
PT0002000112026362NN,0.0081643238477739,0.0150347611204965,0.068,0.004,0.0,0.036,0.004,0.0013328931117551,0.8200961150445725,22,0.0052839091078639,0.006892227631358,0.7666475036058565,0.0189494712103407,0.0152346008670281,1,22.0,0.0,0.0010538622876288,1.841519444944106,0.9902361768326592,0.966038336818838,0.904306324338649,-0.0023938894064326,-0.0030625343655131,1.0062636155013174,2
PT0002000112171317NK,0.2418650977202836,0.2940829350234322,1.08,0.0,0.0,0.84,0.516,0.0377000868214779,0.4817736038250363,0,0.4748094762116311,0.0709884146341463,6.688548809811589,0.512654762295939,0.1881344365631388,1,23.0,1.0,0.0013547318399291,1.2158965381749225,0.5533214779683702,0.976567865313168,0.9951178129801652,-0.0357342133248436,-0.0016014686217889,0.6327540496180358,9
PT0002000112989585PH,14.161284412074572,7.882464580835375,89.0,15.0,5.0,28.0,13.0,0.4660845959132763,0.0007214742531518,14,10.208355951280522,16.943602825745685,0.6024902764935565,9.21978021978022,6.504849137931034,1,14.0,0.0,5.631375658920601,0.5566207380253176,1.1057196458055705,0.9645722776741764,0.7545921460597159,2.273752560913499,0.0031367937352771,1.1415900278707154,4
PT0002000115031201VQ,6.151772173572722,9.524575651844058,57.0,2.0,0.0,31.0,6.0,0.0001589689032368,0.0566051579294911,12,1.9623611875097509,9.018381120053656,0.217595726038475,12.171361502347418,7.29582133293194,1,12.0,19.0,6.373217720503125,1.5482653425886768,0.9833965311852336,0.9881722984743524,0.7078785581726125,0.2059858429882815,0.000349320466505,0.740247800597271,1
PT0002000115673389QK,13.678521113353389,11.587557335951487,67.0,11.0,3.0,38.0,16.0,0.0365383909901317,0.000574733727087,10,13.969387408531423,14.241256307638768,0.980909767141715,12.793239951278927,11.974562247110557,1,10.0,17.0,7.964195422568935,0.8471352450989283,0.6568262907748705,0.9766941206873944,0.7905922316469421,0.5608918245312589,0.0004439391104762,0.6211001529072214,1
PT0002000115673471CB,11.708779144296791,15.020249754719122,111.0,4.0,2.0,42.0,14.0,0.0365383909901317,0.0004891350868826,1,17.172782472548747,10.742017574386637,1.5986552203652773,23.68825084353567,11.874376448917705,1,1.0,19.0,6.908887126529623,1.282819461330032,0.6868939647634733,0.9543859929927738,0.8949667560440941,0.0370805058281967,3.42860519157266e-05,0.6535262023490497,1
PT0002000115700602GW,8.580165509538375,8.336430902973875,42.0,4.0,2.0,27.0,8.0,0.0365628477444758,0.0005869621042591,9,3.738230180384939,11.924112580476768,0.3135017516108919,13.391620874153263,6.446273451120074,1,9.0,20.0,6.681407295339372,0.9715932511682268,0.5480999588462583,0.9688402245566352,0.6883110724248634,0.1388805513882015,0.0001752428202642,0.4305443197224421,1
PT0002000117822355RM,2.6125283675759867,1.7487080809147526,10.228,1.612,0.576,5.388,3.0520000000000005,0.4661212810447925,0.0004646783325384,21,1.4603816543558898,2.993664992150706,0.487824007758037,2.7048351648351647,1.8589256538283017,1,21.0,11.0,1.234631267302384,0.6693546767253966,0.981540247793842,0.9469847995701872,0.4166028891335396,0.43958525237099,0.0032874362984079,1.0452350293596655,4
PT0002000119303492KB,5.610005457753183,5.645738503152479,39.0,3.0,1.0,17.0,6.0,0.0365628477444758,0.0103574354647394,12,3.847764232308493,7.226183226030973,0.5324753209201286,8.413520097442143,5.485566716265384,1,12.0,22.0,4.717991390174185,1.006369520612482,0.6738185464465447,0.9601080971981056,0.6427011360129244,0.0729510342859726,0.0001407870266686,0.5309582393097974,1
PT0002000120237616VJ,6.08421413557149,5.065369625580583,25.0,4.0,2.0,17.0,5.0,0.1797326876750186,0.0007337026303239,12,2.6909658612132032,8.335683629675044,0.3228248552564257,9.412374821173106,2.663234407820364,0,12.0,9.5,4.34511144309053,0.8325429566927617,0.6461685938559929,0.9581939426787422,0.6737673634931125,0.3402615257203476,0.0007111657060235,0.5887934975104779,8
PT0002000120320157HF,0.0727496378008794,0.0075817477174967,0.368,0.072,0.064,0.084,0.0079999999999999,0.0377979138388544,0.0034606307396945,18,0.0713564755142227,0.0736681184668989,0.9686208498223712,0.0040634146341463,2.663234407820364,0,18.0,9.5,0.0004462667563162,0.1042169823339672,0.2109922835927783,0.8664887114342005,0.3703665426178988,-0.0006851352382354,-0.0001020932506928,0.3454760527311544,8
PT0002000123648159KR,6.0234230232262975,6.390885503418816,36.0,3.0,0.0,19.0,9.0,0.0365261626129596,0.1353803636719371,12,5.925043262591826,6.819166521663477,0.8688808586458251,7.449756394640682,6.762748455005151,1,12.0,1.0,4.748163228484944,1.0610055908036982,0.7691902133175643,0.9649935844434536,0.712599796440066,0.0137051045728177,2.463297804213055e-05,0.6820680570712273,1
PT0002000123801456QA,0.1439409820007346,0.2994944757625698,2.036,0.08,0.032,1.252,0.044,0.001308436357411,0.0011127823226579,20,0.0654415957833518,0.1963361591405069,0.3333140266664732,0.1651304347826087,0.1338460283389022,1,20.0,2.0,0.0035998964022343,2.080675507417625,1.422138609250447,0.9689448430884412,0.954805498956265,0.0246360383970843,0.0017876104576615,1.396694661454132,4
PT0002000125379984SH,4.752058377883873,4.824339883151796,63.0,2.0,1.0,14.0,7.0,0.144527189796642,0.0269880284187485,19,1.470316291077458,5.922423084460121,0.2482626232724624,7.451989026063101,3.90912001552741,1,19.0,0.0,2.086540602872112,1.0152105676151455,0.6352877476927595,0.9362503816946944,0.5575275451833382,0.183237587847149,0.000470158665382,0.5945128691485032,2
PT0002000131605602FL,1.325024946543122,1.587763913821686,4.684,0.0,0.0,3.42,3.196,0.6397153233794343,0.2082125781087591,22,2.7347188193572367,0.3121209865053513,8.761726822590155,2.828778501628664,1.5298719117212471,1,22.0,0.0,0.0116402851880463,1.198289826892715,1.5090120667142952,0.9735013818623692,0.9541747061078664,0.1230018044963804,0.0026875681970872,1.5342499055582834,6
PT0002000133505542CK,0.1132784424171922,0.0138143573916573,0.236,0.116,0.108,0.12,0.004,0.0013695782432713,0.0007948445161842,4,0.1163279014658867,0.1116248950814168,1.0421322356544176,0.0063478260869565,0.0973834983244077,1,4.0,1.0,0.0008149064794233,0.1219504532096283,0.1234785898132922,0.970249526672285,0.821758061061556,0.0009707193635551,8.950751269959823e-05,0.2860330216793837,1
PT0002000133685986TF,0.0797546183961772,0.0988889242493475,8.0,0.0,0.0,0.192,0.192,0.1785343067121562,0.4729202587524609,0,0.1416880597205933,0.0356310204081632,3.976536683415664,0.144289066427289,0.1078225173349084,1,0.0,0.0,0.0005856825124795,1.2399147063574625,0.8056543553845351,0.8800182903664071,0.9019332665655924,0.0168168648274247,0.0026774268727323,0.880062804591878,9
PT0002000201936109ME,0.2596287843596631,1.2815218572707996,30.0,0.0,0.0,2.0,0.0,0.3945363610795211,0.5508517064700343,12,0.1443139469869791,0.3123615725359911,0.4620092856343618,0.3682170542635659,1.2034569228605176,1,12.0,23.0,0.2795426804507988,4.935977574410665,4.794342805839585,0.9659711702556248,0.5599763226071572,0.0322767423444052,0.0021417394958986,2.0736342601977737,0
PT0002000078441876HB,218.2124810448564,103.0808095800531,574.0,196.0,85.0,398.0,173.0,0.5000305709429301,0.0003179378064737,12,117.38267863607894,279.32243460764585,0.4202407830254027,216.92605633802816,2.663234407820364,0,12.0,9.5,65.26406944413296,0.4723873221480099,1.0456859991311196,0.974878692114795,0.8085084637258186,-37.08331496870446,-0.0035454663637661,1.0964174905188884,outlier
PT0002000114685657JR,46.47075346284146,25.59444276215013,178.0,35.0,24.0,102.0,27.0,0.4296929454492094,0.0004402215781943,11,31.58072019847348,56.868643445032326,0.5553274754830144,39.89348025711661,34.035211290164035,1,11.0,1.0,23.36541545521648,0.5507645315588813,0.9793484386179824,0.975896406419518,0.6951995431990123,8.030924713812443,0.0031607849852475,0.9909553568853294,outlier
