,count,mean,std,min,25%,50%,75%,max
MT_001,140256.0,3.9707848216053954,5.983965302643402,0.0,0.0,1.26903553299492,2.53807106598985,48.2233502538071
MT_002,140256.0,20.76848037110925,13.272415025602083,0.0,2.84495021337127,24.8933143669986,29.8719772403983,115.220483641536
MT_003,140256.0,2.9183077021578328,11.01445610998977,0.0,0.0,1.73761946133797,1.73761946133797,151.172893136403
MT_004,140256.0,82.18449040453785,58.2483921427668,0.0,36.5853658536585,87.3983739837398,115.853658536585,321.138211382114
MT_005,140256.0,37.24030935766236,26.46132745633374,0.0,15.8536585365854,39.0243902439024,54.8780487804878,150.0
MT_006,140256.0,141.2273848907576,98.43998413397128,0.0,71.4285714285714,157.738095238095,205.357142857143,535.714285714286
MT_007,140256.0,4.521337515172128,6.485684129144232,0.0,0.565291124929339,2.82645562464669,4.52232899943471,44.6579988694178
MT_008,140256.0,191.4014757814667,121.98118650426287,0.0,111.111111111111,222.222222222222,279.461279461279,552.188552188552
MT_009,140256.0,39.975353758721326,29.814594583186462,0.0,13.986013986014,40.2097902097902,57.6923076923077,157.342657342657
MT_010,140256.0,42.20515205375608,33.40125095828115,0.0,9.67741935483871,40.8602150537634,61.2903225806452,198.924731182796
MT_011,140256.0,29.833004107796228,20.347314306362154,0.0,14.903129657228,32.7868852459016,42.4739195230999,100.596125186289
MT_012,140256.0,49.304994271872474,73.9442419183824,0.0,0.0,0.0,110.63829787234,342.553191489362
MT_013,140256.0,55.109965468497506,48.04455592292025,0.0,19.9004975124378,44.7761194029851,82.089552238806,220.563847429519
MT_014,140256.0,33.510084613625104,24.893022409921777,0.0,0.0,34.4607530312699,47.2239948947033,130.823229100191
MT_015,140256.0,15.163417825822158,23.55506948763459,0.0,0.0,0.0,34.0909090909091,101.239669421488
MT_016,140256.0,24.76707333599426,17.44488932685321,0.0,12.5284738041002,26.7653758542141,34.7380410022779,99.0888382687927
MT_017,140256.0,36.91486920899768,24.282106387786047,0.0,0.0,43.1266846361186,54.8068283917341,110.512129380054
MT_018,140256.0,184.00449766342368,129.60177087170277,0.0,73.482428115016,198.083067092652,284.345047923323,616.613418530351
MT_019,140256.0,6.187150101408249,4.200317011592693,0.0,3.01507537688442,6.53266331658291,8.5427135678392,22.6130653266332
MT_020,140256.0,30.630277322976934,20.296580127668058,0.0,14.0969162995595,34.3612334801762,44.9339207048458,101.321585903084
MT_021,140256.0,121.76253922520738,82.81116441680336,0.0,65.4450261780105,136.125654450262,178.010471204188,505.235602094241
MT_022,140256.0,20.55967877560449,16.318638061515134,0.0,6.2266500622665,19.3026151930261,31.1332503113325,79.7011207970112
MT_023,140256.0,7.376725040137685,5.507213951299931,0.0,0.0,7.25593667546174,10.5540897097625,32.3218997361478
MT_024,140256.0,21.406990415644437,16.79614554696756,0.0,0.0,23.3196159122085,34.9794238683128,82.3045267489712
MT_025,140256.0,163.37398929807392,114.7495871271883,0.0,60.7476635514019,177.570093457944,242.990654205607,607.476635514019
MT_026,140256.0,15.668008522914032,11.776841699935707,0.0,7.6271186440678,16.1016949152542,21.1864406779661,66.9491525423729
MT_027,140256.0,14.982382658277489,11.00111649000325,0.0,7.30816077953715,15.2253349573691,21.3154689403167,62.7283800243605
MT_028,140256.0,50.40442204185082,34.64053199848896,0.0,26.948989412897,54.8604427333975,72.1847930702599,174.205967276227
MT_029,140256.0,58.85034928884312,43.36668713581906,0.0,17.5328741390106,72.0100187852223,98.9355040701315,169.067000626174
MT_030,140256.0,15.43861624374315,19.88641029547844,0.0,0.0,0.0,32.3291697281411,107.274063188832
MT_031,140256.0,67.35532516856395,45.06494774067683,0.0,39.4736842105263,75.6578947368421,95.3947368421053,230.263157894737
MT_032,140256.0,15.411176099519198,16.276662808819964,0.0,0.0,16.052880075543,27.3843248347498,73.6543909348442
MT_033,140256.0,24.84886210457234,21.896184272533166,0.0,0.0,28.3806343906511,41.7362270450751,96.8280467445743
MT_034,140256.0,10.54695018175862,7.282168507725145,0.0,4.88826815642458,11.1731843575419,15.3631284916201,55.8659217877095
MT_035,140256.0,87.88241906381036,58.235654609574304,0.0,49.2264416315049,98.4528832630099,125.175808720113,285.513361462729
MT_036,140256.0,27.421372691312822,27.744751432455455,0.0,3.44234079173838,18.9328743545611,41.3080895008606,153.184165232358
MT_037,140256.0,83.37338168261319,57.79597164551638,0.0,46.42166344294,88.9748549323017,117.988394584139,299.806576402321
MT_038,140256.0,89.88383657169003,57.850120543423685,0.0,56.282722513089,103.403141361257,132.198952879581,251.30890052356
MT_039,140256.0,13.055790481299077,21.827918638625672,0.0,0.0,0.0,28.4049526584122,129.643117261471
MT_040,140256.0,74.71300908480067,66.96477392877128,0.0,8.24175824175824,65.9340659340659,123.626373626374,357.142857142857
MT_041,140256.0,28.81585522836165,43.75288828507068,0.0,0.0,0.0,70.4545454545455,192.045454545455
MT_042,140256.0,31.746297059709438,21.475730862279764,0.0,15.2477763659466,35.5781448538755,45.7433290978399,115.628970775095
MT_043,140256.0,814.3531049716884,559.0157378747782,0.0,409.090909090909,909.090909090909,1204.54545454545,2954.54545454545
MT_044,140256.0,22.820164682208567,16.15137983510753,0.0,11.3074204946996,24.0282685512367,31.8021201413428,93.2862190812721
MT_045,140256.0,70.65745479477123,60.135555812922775,0.0,13.5363790186125,49.0693739424704,130.287648054146,241.962774957699
MT_046,140256.0,98.5866196733827,67.27422628841794,0.0,37.914691943128,109.004739336493,142.18009478673,350.710900473934
MT_047,140256.0,21.043447762106677,14.547697645317246,0.0,9.00423728813559,22.7754237288136,31.7796610169492,70.4449152542373
MT_048,140256.0,11.544215388817909,7.941597127418036,0.0,5.23286237571952,12.5588697017268,17.2684458398744,47.0957613814757
MT_049,140256.0,699.3350358102948,470.1047472407472,0.0,391.304347826087,782.608695652174,1010.86956521739,2315.21739130435
MT_050,140256.0,123.78044559901853,87.61816849298329,0.0,46.2633451957295,131.672597864769,192.170818505338,441.281138790036
MT_051,140256.0,41.50064191172984,27.838987892715817,0.0,17.7619893428064,46.1811722912966,60.3907637655417,140.319715808171
MT_052,140256.0,26.661097265177183,17.737349285697448,0.0,3.85802469135802,30.8641975308642,37.8086419753086,87.962962962963
MT_053,140256.0,50.24997265366431,37.78258766650087,0.0,25.558166862514724,50.5287896592244,70.5052878965923,211.515863689777
MT_054,140256.0,52.357493710712475,34.00335688389837,0.0,34.1726618705036,59.9520383693046,76.1390887290168,146.882494004796
MT_055,140256.0,17.752752957435284,14.154815951454617,0.0,7.6869322152341,16.0726764500349,25.8560447239693,97.8336827393431
MT_056,140256.0,28.20447844116669,19.134596674255206,0.0,14.2493638676845,31.0432569974555,39.6946564885496,93.1297709923664
MT_057,140256.0,18.43420971571672,15.823535805522189,0.0,0.0,17.8875638841567,29.8126064735945,93.6967632027257
MT_058,140256.0,64.04515871979049,45.41727122548207,0.0,26.1011419249592,68.515497553018,91.3539967373573,234.910277324633
MT_059,140256.0,89.42867195607901,57.950531096929836,0.0,28.972783143108,107.111501316945,132.572431957858,250.219490781387
MT_060,140256.0,20.55869526107806,13.450441051110639,0.0,12.0845921450151,23.6656596173212,29.2044310171198,62.9405840886203
MT_061,140256.0,56.770580612412225,38.99627802018756,0.0,23.7121831561733,62.9599345870809,84.2191332788226,181.520850367948
MT_062,140256.0,44.86151227441367,30.00728652019757,0.0,25.51867219917015,50.6224066390041,63.0705394190871,151.03734439834
MT_063,140256.0,16.952077438743494,12.599676811873906,0.0,6.36942675159236,17.515923566879,23.8853503184713,71.656050955414
MT_064,140256.0,1059.3387476087682,717.2485415790692,0.0,0.0,1179.48717948718,1589.74358974359,3461.53846153846
MT_065,140256.0,47.29133054659235,32.294244568896424,0.0,21.4285714285714,51.7857142857143,66.0714285714286,158.928571428571
MT_066,140256.0,29.840385753251475,28.95854139689784,0.0,0.0,36.2490149724192,52.0094562647754,137.903861308117
MT_067,140256.0,147.19865051851974,103.45321623687273,0.0,52.6315789473684,157.894736842105,218.623481781377,530.364372469636
MT_068,140256.0,116.68980632299545,96.27358418881629,0.0,34.2227378190255,113.68909512761,157.772621809745,580.046403712297
MT_069,140256.0,121.3457236965606,80.10385130037021,0.0,60.7594936708861,139.240506329114,172.151898734177,374.683544303797
MT_070,140256.0,31.13149698777212,21.038044255345824,0.0,19.79374584165005,33.9321357285429,43.9121756487026,107.784431137725
MT_071,140256.0,34.25533821957869,23.782907749982268,0.0,18.7436676798379,36.9807497467072,49.645390070922,115.501519756839
MT_072,140256.0,71.39755103987216,48.85536898276308,0.0,37.5469336670839,78.8485607008761,102.628285356696,235.294117647059
MT_073,140256.0,35.37453617438144,28.178035194941263,0.0,11.0663983903421,32.6961770623742,54.3259557344064,158.953722334004
MT_074,140256.0,66.9091393730044,43.620695995563175,0.0,42.3452768729642,76.0043431053203,93.3767643865364,216.069489685125
MT_075,140256.0,35.954020671398524,23.958805557322563,0.0,20.5479452054795,40.1174168297456,48.9236790606654,136.986301369863
MT_076,140256.0,45.29235998972199,30.87488156387836,0.0,20.3883495145631,50.4854368932039,65.0485436893204,159.223300970874
MT_077,140256.0,26.546178079284818,20.4256530731801,0.0,10.752688172043,25.8064516129032,38.1720430107527,104.838709677419
MT_078,140256.0,30.190040924493847,19.948360360379382,0.0,17.7917320774464,34.0136054421769,42.3861852433281,113.553113553114
MT_079,140256.0,24.341624055508586,19.3869385508165,0.0,8.50460666194189,24.0963855421687,35.4358610914245,129.695251594614
MT_080,140256.0,10.823585335458922,8.272450957007997,0.0,0.0,10.7594936708861,15.8227848101266,46.8354430379747
MT_081,140256.0,74.77620563345741,51.45636888322904,0.0,34.7593582887701,82.8877005347594,110.96256684492,262.032085561497
MT_082,140256.0,33.41087945000239,21.64853861110045,0.0,17.4418604651163,39.2441860465116,49.4186046511628,99.5639534883721
MT_083,140256.0,53.61063804651233,36.16548153191081,0.0,31.6518298714144,59.3471810089021,75.1730959446093,181.998021760633
MT_084,140256.0,165.76061548936192,126.92177820569904,0.0,66.4556962025316,158.227848101266,250.0,626.582278481013
MT_085,140256.0,93.04279108386082,61.259926158147316,0.0,57.4712643678161,106.002554278416,130.268199233716,303.959131545338
MT_086,140256.0,330.2841721003398,234.11784074632521,0.0,157.894736842105,347.368421052632,473.684210526316,1421.05263157895
MT_087,140256.0,86.60183835724135,61.36807048075339,0.0,34.3007915567282,92.3482849604222,131.926121372032,337.730870712401
MT_088,140256.0,95.38215833903719,74.01239335209,0.0,40.0,97.7777777777778,133.333333333333,515.555555555556
MT_089,140256.0,145.9033489178367,102.22461037006116,0.0,71.4285714285714,156.084656084656,214.285714285714,571.428571428571
MT_090,140256.0,96.78182316320276,92.85871723342039,0.0,1.86104218362283,78.7841191066997,188.585607940447,339.330024813896
MT_091,140256.0,103.77339456055351,68.49263150571483,0.0,38.025350233489,120.080053368913,151.434289526351,306.871247498332
MT_092,140256.0,24.781491384749298,33.503006860825735,0.0,0.0,0.0,36.3447559709242,174.974039460021
MT_093,140256.0,19.532633438376934,54.481826746575734,0.0,0.50761421319797,2.53807106598985,4.56852791878173,286.802030456853
MT_094,140256.0,19.374382706762326,28.539708815801397,0.0,2.02122283981809,12.6326427488631,20.2122283981809,245.073269327943
MT_095,140256.0,12.743094360598661,16.208832624649524,0.0,2.61917234154007,4.19067574646412,19.9057097957046,123.101100052383
MT_096,140256.0,8.195473618426927,7.27061773668326,0.0,1.73913043478261,6.95652173913043,12.1739130434783,41.1594202898551
MT_097,140256.0,140.81003080561453,126.42151657354246,0.0,46.218487394958,109.243697478992,193.27731092437,609.243697478992
MT_098,140256.0,511.11265218582645,478.7349907506297,0.0,134.6787479406915,268.533772652389,1004.94233937397,1843.49258649094
MT_099,140256.0,877.5876511076175,848.4948945709741,0.0,164.0625,460.9375,1542.96875,4578.125
MT_100,140256.0,44.1620608600655,50.42495259910837,0.0,5.99201065246338,19.3075898801598,68.5752330226365,295.60585885486
MT_101,140256.0,524.3431423753956,500.32070151991127,0.0,104.529616724739,283.97212543554,912.891986062718,3080.1393728223
MT_102,140256.0,656.247654788481,539.7547460647949,0.0,195.50858652576,678.996036988111,982.826948480845,3240.42272126816
MT_103,140256.0,843.3659323194005,740.1451340674129,0.0,177.966101694915,525.423728813559,1577.96610169492,2720.33898305085
MT_104,140256.0,425.5690160905208,414.7967052022476,0.0,10.8910891089109,231.683168316832,788.118811881188,1833.66336633663
MT_105,140256.0,163.6778470049697,162.70958074396754,0.0,38.8828039430449,82.6944140197152,282.037239868565,716.867469879518
MT_106,140256.0,12.313604979872379,25.72626610700318,0.0,0.0,0.0,0.0,148.148148148148
MT_107,140256.0,4.059163893611642,8.463070672826495,0.0,0.0,0.0,0.0,68.0157391793142
MT_108,140256.0,7.1556085512707694,14.951731532933051,0.0,0.0,0.0,0.0,131.318681318681
MT_109,140256.0,15.580324852791971,34.23165863385568,0.0,0.0,0.0,0.0,255.31914893617
MT_110,140256.0,5.663000807593552,15.09820358106142,0.0,0.0,0.0,0.0,215.608465608466
MT_111,140256.0,12.70906789239526,24.924636992801684,0.0,0.0,0.0,0.0,182.565789473684
MT_112,140256.0,7.679518495051928,16.615701760967216,0.0,0.0,0.0,0.0,122.778675282714
MT_113,140256.0,7.732166044396615,14.300799856242257,0.0,0.0,0.0,0.0,72.289156626506
MT_114,140256.0,232.44322019300944,169.2522858019974,0.0,0.0,248.344370860927,334.437086092715,774.834437086093
MT_115,140256.0,5.6492647023968106,11.471348796435901,0.0,0.0,0.0,0.0,84.9141824751581
MT_116,140256.0,9.37283563905623,19.349017349039816,0.0,0.0,0.0,0.0,109.484404837683
MT_117,140256.0,3.6176196180046287,7.777710089748673,0.0,0.0,0.0,0.0,63.7755102040816
MT_118,140256.0,73.11132699364289,56.36769358824536,0.0,1.8431635388739926,73.0563002680965,107.238605898123,285.522788203753
MT_119,140256.0,60.24627535181869,41.77293444730451,0.0,23.138297872340452,64.8936170212766,85.1063829787234,239.893617021277
MT_120,140256.0,9.609596466991675,18.216686294743486,0.0,0.0,0.0,0.0,95.8617077003667
MT_121,140256.0,27.650903128026062,57.71890903683984,0.0,0.0,0.0,0.0,619.815668202765
MT_122,140256.0,5.380452332102781,10.781773595029648,0.0,0.0,0.0,0.0,71.6064757160648
MT_123,140256.0,46.57439629614549,34.92881906696695,0.0,0.0,45.3257790368272,65.1558073654391,179.886685552408
MT_124,140256.0,280.7633642160282,129.25049294071653,0.0,157.894736842105,301.435406698565,373.205741626794,765.55023923445
MT_125,140256.0,28.721841740496632,24.067014697076356,0.0,3.69276218611521,26.5878877400295,50.2215657311669,103.397341211226
MT_126,140256.0,44.13607716699408,30.81973013905638,0.0,12.0288692862871,48.9174017642342,70.5693664795509,141.138732959102
MT_127,140256.0,41.791837900678104,49.66186628346648,0.0,0.0,0.0,92.1161825726141,146.887966804979
MT_128,140256.0,224.39499769971553,188.0348597394699,0.0,80.5038335158817,171.412924424973,387.732749178532,792.442497261774
MT_129,140256.0,83.43051363513426,60.95262403242416,0.0,1.8061408789885574,88.1095725466586,124.521372667068,286.110776640578
MT_130,140256.0,32.12493073889379,61.60358066145992,0.0,0.0,0.0,54.9450549450549,604.395604395604
MT_131,140256.0,69.56312623583544,103.35672517901092,0.0,0.0,31.25,104.166666666667,1770.83333333333
MT_132,140256.0,13.598256758603439,17.249964394732473,0.0,0.0,0.0,26.1267145656434,124.101894186806
MT_133,140256.0,0.8180580543510672,2.260777679460828,0.0,0.0,0.0,0.0,39.0309555854643
MT_134,140256.0,7.117639683500653,10.417003466716187,0.0,0.0,0.0,13.2568149210904,64.0243902439024
MT_135,140256.0,24.26077379576053,19.622993236362326,0.0,6.72529746508019,17.0719089498189,43.4557682359027,74.495602690119
MT_136,140256.0,100.02944692224845,86.25214389725846,0.0,0.0,56.989247311828,190.322580645161,275.268817204301
MT_137,140256.0,53.166438804690046,40.34563121326006,0.0,23.9111870196413,45.2604611443211,87.1050384286934,171.648163962425
MT_138,140256.0,85.47642088670453,61.24180773868512,0.0,33.1075996990218,91.04589917231,129.420617005267,296.463506395786
MT_139,140256.0,294.6023504962402,205.56522131273132,0.0,150.293870696893,301.427371956339,473.551637279597,819.479429051217
MT_140,140256.0,48.490916694004675,60.501060115114875,0.0,17.7514792899408,35.5029585798817,41.4201183431953,360.94674556213
MT_141,140256.0,6.627775037116057,5.58051558421601,0.0,1.02669404517454,7.18685831622177,10.2669404517454,61.6016427104723
MT_142,140256.0,41.682001693778474,43.67860735203457,0.0,9.04977375565611,19.6078431372549,76.9230769230769,297.88838612368
MT_143,140256.0,127.25191508358233,92.31907174053993,0.0,0.0,133.042529989095,201.744820065431,397.491821155943
MT_144,140256.0,99.0003775747426,91.89298059714523,0.0,0.0,154.218533886584,182.572614107884,428.077455048409
MT_145,140256.0,58.01415577071861,33.93902420651679,0.0,58.476077968104,74.4240992321323,80.330773774365,153.573538098051
MT_146,140256.0,62.609300333306315,37.28916216635215,0.0,0.0,80.4407713498623,88.7052341597796,186.225895316804
MT_147,140256.0,2051.058760844282,1205.0403597110403,0.0,1075.6097560975581,2585.36585365854,2834.14634146341,5443.90243902439
MT_148,140256.0,257.4551587501343,150.36569179883955,0.0,161.00612870275825,329.928498467824,352.91113381001,688.968335035751
MT_149,140256.0,17.606216094778905,10.46945746912053,0.0,0.4889178617992177,22.8161668839635,24.7718383311604,61.277705345502
MT_150,140256.0,20.594514915338582,12.47858388261175,0.0,11.321909424724625,23.8678090575275,28.7637698898409,56.3035495716034
MT_151,140256.0,74.13816951256491,59.32814872611325,0.0,0.0,63.0861040068201,117.647058823529,289.002557544757
MT_152,140256.0,529.5137937018033,536.0900978230676,0.0,0.0,0.0,1040.48234280792,2020.67183462532
MT_153,140256.0,137.90776434229454,101.47357512151224,0.0,18.887722980063,121.720881427072,229.800629590766,364.11332633788
MT_154,140256.0,24.93599876261866,15.181096382851072,0.0,0.0,28.5110876451954,38.0147835269271,78.1414994720169
MT_155,140256.0,110.94342171141025,102.57888002065512,0.0,13.8888888888889,80.5555555555556,200.0,511.111111111111
MT_156,140256.0,78.01069960442356,28.475150259504478,0.779787897691828,64.4541484716157,75.6893325015596,90.6737367436057,183.449781659389
MT_157,140256.0,1640.2217131489822,1085.1490908304195,0.0,0.0,1902.01729106628,2391.93083573487,5625.36023054755
MT_158,140256.0,75.50701530417714,52.76699155100899,0.868983957219251,27.6336898395722,63.7566844919786,116.243315508021,235.33422459893
MT_159,140256.0,61.921859101321424,46.42228566557045,1.19731800766284,17.4904214559387,42.4137931034483,110.469348659004,167.375478927203
MT_160,140256.0,1.1599758262198328,3.160196866682309,0.0,0.0,0.0,0.0,58.7942779291553
MT_161,140256.0,1774.4500884449737,381.7463600557561,0.0,1521.6049382716,1805.55555555556,2061.72839506173,4083.33333333333
MT_162,140256.0,288.5658301777643,145.7865831072062,0.0,152.70413573701,287.380699893955,417.815482502651,683.987274655355
MT_163,140256.0,2398.8643117102,378.7540684588777,0.0,2158.98617511521,2417.05069124424,2608.29493087558,4923.96313364055
MT_164,140256.0,108.68927894519777,72.86431120693658,0.0,47.1628592483419,82.5350036845984,184.229918938836,285.187914517318
MT_165,140256.0,28.104239388670916,43.24384444396347,0.0,0.0,0.0,60.5143721633888,154.311649016641
MT_166,140256.0,1283.434071418543,392.558284516729,13.7362637362637,937.472527472528,1399.34065934066,1597.25274725275,2173.62637362637
MT_167,140256.0,47.87081785725097,42.763783277378494,0.0,0.0,43.716119828816,89.4008559201141,156.818830242511
MT_168,140256.0,137.11595732846334,45.89710379045707,1.04966139954853,95.9367945823928,150.496613995485,172.009029345372,298.837471783296
MT_169,140256.0,40.026304555654825,11.457005846200422,0.265129682997118,28.6224783861671,43.0893371757925,49.6945244956772,78.7204610951009
MT_170,140256.0,39.62174675068555,49.23021582444527,0.0,0.0,0.0,85.2594339622642,247.452830188679
MT_171,140256.0,246.21777278388822,63.73276282692608,1.38972809667674,183.383685800604,260.483383685801,294.018126888217,443.323262839879
MT_172,140256.0,124.06753926426366,40.7025483657076,0.809464508094645,85.7907845579078,129.526774595268,153.275217932752,259.688667496887
MT_173,140256.0,43.612818393760826,35.35458101695679,0.0,0.0,39.3416927899687,75.9404388714734,135.30303030303
MT_174,140256.0,145.33250270385548,48.477976405035434,0.0,106.850998463902,151.428571428571,177.557603686636,338.218125960061
MT_175,140256.0,163.32117487984377,60.00830526602111,0.0,99.8355263157895,176.019736842105,211.611842105263,329.638157894737
MT_176,140256.0,84.7705712681176,28.97526251077456,0.646766169154229,55.4228855721393,91.5124378109453,108.487562189055,162.119402985075
MT_177,140256.0,92.64165969908233,83.20909882890271,0.0,0.0,101.631736526946,163.218562874251,313.682634730539
MT_178,140256.0,51.62617724006516,154.15320043398785,0.0,0.0,0.0,0.0,926.062717770035
MT_179,140256.0,20.27972180218933,36.87549764877232,0.0,0.0,0.0,39.5648535564854,154.619246861925
MT_180,140256.0,154.23084449900927,45.81514881862175,1.17004680187207,110.468018720749,162.386895475819,185.865834633385,295.101404056162
MT_181,140256.0,27.326419857798733,56.027720895187876,0.0,0.0,0.0,0.0,250.670391061453
MT_182,140256.0,52.78303786376833,15.514612963198223,0.431034482758621,37.5994694960212,55.6631299734748,64.316976127321,97.3474801061008
MT_183,140256.0,85.35754833174028,30.948768813383303,0.554733727810651,52.3742603550296,94.8002958579881,110.384615384615,176.427514792899
MT_184,140256.0,56.306016342481044,48.59172136244958,0.0,0.0,65.4913294797688,100.433526011561,177.745664739884
MT_185,140256.0,26.352443954119288,37.27192024135179,0.0,0.0,0.0,46.4044059795437,156.207710464201
MT_186,140256.0,176.66471701536904,280.84657611168774,0.0,0.0,0.0,356.72514619883,1128.65497076023
MT_187,140256.0,49.77451586131285,47.585913741267035,0.0,2.23713646532438,47.7255779269202,96.9425801640567,173.750932140194
MT_188,140256.0,35.15191165967324,11.110029288393863,0.0,26.5830546265329,32.7201783723523,43.4336677814939,69.726867335563
MT_189,140256.0,415.46963852848427,121.1155198802324,0.0,318.611987381703,425.078864353312,501.577287066246,826.498422712934
MT_190,140256.0,387.0396645463712,106.03358190902394,0.0,300.293255131965,387.683284457478,452.199413489736,801.173020527859
MT_191,140256.0,1952.047704752009,527.975818426993,0.0,1503.59712230216,2064.74820143885,2345.32374100719,4107.91366906475
MT_192,140256.0,465.8465576868667,138.37212771083477,0.0,342.281879194631,485.458612975392,565.249813571961,896.34601043997
MT_193,140256.0,303.9864305862243,93.84447237675374,0.0,231.021299836155,292.736209721464,368.651010376843,624.249044238121
MT_194,140256.0,2675.000006042221,909.5232085949265,0.0,2008.47457627119,2576.27118644068,3186.4406779661,6038.13559322034
MT_195,140256.0,451.86963900286946,155.8278091779187,0.0,297.800338409476,485.617597292724,568.527918781726,937.394247038917
MT_196,140256.0,20744.1508741159,7339.1079471394805,0.0,15208.3333333333,20583.3333333333,25208.3333333333,78541.6666666667
MT_197,140256.0,156.90450595408944,51.85459490003455,0.0,103.99865591397875,170.02688172043,196.236559139785,293.010752688172
MT_198,140256.0,246.908219422349,92.44176257213124,0.0,166.990291262136,256.31067961165,311.326860841424,491.909385113269
MT_199,140256.0,465.61441646938647,178.28003935064245,0.0,308.48623853211,445.52752293578,576.834862385321,1047.59174311927
MT_200,140256.0,848.6403103927772,281.08389959694483,0.0,591.409691629956,894.273127753304,1034.140969163,1648.67841409692
MT_201,140256.0,295.91162983409885,90.95657701485918,0.0,226.78458622868,303.221730890714,343.651295009476,614.024005053696
MT_202,140256.0,242.39314509002455,72.33905411950731,0.0,189.859154929577,249.014084507042,288.450704225352,479.43661971831
MT_203,140256.0,537.6068629651709,179.00111164596356,0.0,369.89247311828,556.989247311828,681.720430107527,1165.59139784946
MT_204,140256.0,888.2143121660689,277.93962883262645,0.0,628.358208955224,920.89552238806,1091.0447761194,1613.4328358209
MT_205,140256.0,531.8350228589273,147.7234554904416,0.0,396.186440677966,572.033898305085,650.423728813559,961.864406779661
MT_206,140256.0,209.21510337895637,71.19631224778914,0.0,154.639175257732,222.794959908362,257.731958762887,435.280641466208
MT_207,140256.0,857.4103466392262,281.7240606205442,0.0,613.605442176871,930.612244897959,1034.01360544218,1862.58503401361
MT_208,140256.0,6662.030066989151,2081.556919894654,0.0,4672.26890756303,6899.15966386555,7924.36974789916,14218.487394958
MT_209,140256.0,586.1908202679386,185.9264026581236,0.0,406.25,632.8125,710.9375,1164.0625
MT_210,140256.0,733.4094068520551,204.10400224286462,0.0,552.97157622739,764.857881136951,888.888888888889,1571.05943152455
MT_211,140256.0,192.84435959958932,60.13516184319127,0.0,137.5,206.0,234.5,376.0
MT_212,140256.0,363.77429223550473,110.27988309969408,0.0,255.813953488372,403.100775193798,449.612403100775,658.914728682171
MT_213,140256.0,1195.7390557730694,330.38892938600355,0.0,952.277657266811,1197.39696312364,1399.13232104121,2477.22342733189
MT_214,140256.0,396.86399161637746,146.1329252185925,0.0,268.839103869654,414.460285132383,476.578411405295,962.321792260693
MT_215,140256.0,405.47111860839084,118.37294602261764,0.0,307.692307692308,419.871794871795,487.179487179487,809.294871794872
MT_216,140256.0,2200.5197141174417,760.8051072437288,0.0,1448.5049833887,2295.68106312292,2777.40863787375,4514.95016611296
MT_217,140256.0,214.4549701242917,88.06368061821165,0.0,134.275618374558,219.081272084806,272.08480565371,537.985865724382
MT_218,140256.0,1300.4490950816592,390.41199978362357,0.0,935.727788279773,1368.62003780718,1595.46313799622,2378.07183364839
MT_219,140256.0,509.5168220814044,193.26032459318384,0.0,359.139784946237,509.677419354839,634.408602150538,1234.40860215054
MT_220,140256.0,2951.449898485806,1229.4875532662707,0.0,1594.93670886076,3278.48101265823,3784.81012658228,7075.94936708861
MT_221,140256.0,158.6896157341144,58.88299296199344,0.0,103.591879229568,168.662155127538,196.772514315461,369.599167100468
MT_222,140256.0,946.2837192942429,347.6773204826321,0.0,604.0,993.333333333333,1188.0,2045.33333333333
MT_223,140256.0,336.2102251121759,412.8704813285819,0.0,0.0,0.0,781.333333333333,1541.33333333333
MT_224,140256.0,1287.9561266024527,1767.135328774451,0.0,0.0,0.0,3026.52173913043,6770.57971014493
MT_225,140256.0,337.55857456469846,108.32068008011797,1.65853658536585,252.165853658537,348.068292682927,406.780487804878,668.614634146342
MT_226,140256.0,483.89734356080254,125.33825324185553,0.0,377.812257564003,481.768813033359,571.761055081458,955.77967416602
MT_227,140256.0,272.22980011867753,95.81529164264356,0.0,192.425793244626,288.63868986694,336.745138178096,549.6417604913
MT_228,140256.0,5782.656826014387,1967.8556654770978,0.0,3684.21052631579,6263.15789473684,7368.42105263158,10473.6842105263
MT_229,140256.0,973.7101175294036,275.8105781209152,0.0,720.247295208655,1049.45904173107,1191.65378670788,1625.96599690881
MT_230,140256.0,98.5101338398255,29.789377433718833,0.0,71.1883408071749,101.457399103139,117.152466367713,225.896860986547
MT_231,140256.0,641.4658756408372,223.38189216376443,5.70776255707763,403.24200913242,686.575342465753,784.155251141552,1595.61643835616
MT_232,140256.0,85.59870944981029,32.80551466408753,0.670960815888352,50.0912506709608,94.3317230273752,110.477724100913,200.531400966184
MT_233,140256.0,139.14409517021156,54.93238027446243,0.736342042755345,84.9247822644497,148.4639746635,177.743467933492,330.197941409343
MT_234,140256.0,88.18504898920956,30.29523003435375,0.707814269535674,62.4745186862967,92.7010192525481,106.896942242356,191.030577576444
MT_235,140256.0,791.8746665760762,284.817842682192,4.55882352941177,525.78431372549,791.323529411765,983.088235294118,1617.5
MT_236,140256.0,147.88264104560383,45.92775710338634,0.0,105.615264797508,153.16199376947,177.733644859813,338.411214953271
MT_237,140256.0,85.99122415430516,24.84919943256254,0.59504132231405,60.6942148760331,93.4325068870524,103.933884297521,168.67217630854
MT_238,140256.0,410.86750263803333,101.72337704944584,3.125,323.35,434.35,484.475,928.95
MT_239,140256.0,116.00620469698772,32.82692448991432,1.0048231511254,86.2781350482315,121.672025723473,138.850482315113,231.551446945338
MT_240,140256.0,364.4990413398977,124.77185447981289,3.01204819277108,239.325301204819,381.590361445783,452.457831325301,892.939759036145
MT_241,140256.0,2616.8670762175975,772.0208404580887,0.0,1864.1975308642,2716.04938271605,3135.8024691358,5061.72839506173
MT_242,140256.0,199.836559159262,60.78543639179652,1.87687687687688,143.123123123123,204.72972972973,236.276276276276,412.942942942943
MT_243,140256.0,131.09128805678844,46.88505377824414,0.0,85.1233094669849,140.015910898966,167.859984089101,285.600636435959
MT_244,140256.0,156.9006859135856,51.634582130076424,0.993560257589696,108.712051517939,165.234590616375,189.457221711132,342.769089236431
MT_245,140256.0,198.33486886704372,47.911621955477806,1.06896551724138,159.034482758621,207.459770114943,234.885057471264,371.126436781609
MT_246,140256.0,608.0142635446459,184.35297215690758,0.0,436.348547717842,645.394190871369,745.269709543569,1236.88796680498
MT_247,140256.0,464.15317913446074,172.20680101966695,0.0,281.842818428184,498.644986449865,569.105691056911,1398.37398373984
MT_248,140256.0,166.72525384374043,63.768864594390024,1.3873473917869,101.34295227525,178.357380688124,206.182019977802,454.850166481687
MT_249,140256.0,69.64533008688875,24.812685351894004,0.642857142857143,48.2976190476191,72.7202380952381,86.6130952380952,157.059523809524
MT_250,140256.0,93.05704446497093,27.120438059800506,0.699029126213592,64.1747572815534,100.673139158576,113.009708737864,181.857605177994
MT_251,140256.0,78.06250573891425,23.007134459257912,0.668091929449492,56.825227151256,84.6392303580973,95.0026723677178,147.525387493319
MT_252,140256.0,232.63418452008534,82.16186062268754,1.91717791411043,144.662576687117,254.156441717791,297.223926380368,467.944785276074
MT_253,140256.0,334.6074283587937,123.23275621895296,2.12947189097104,213.526405451448,357.47870528109,427.512776831346,746.149914821124
MT_254,140256.0,250.5582446696296,79.31476170916477,1.47945205479452,165.986301369863,273.520547945205,313.369863013699,485.575342465753
MT_255,140256.0,329.5143648379889,340.094606824114,0.0,0.0,325.698113207547,685.88679245283,1242.67924528302
MT_256,140256.0,147.28388104660758,48.350432442774824,1.14051094890511,96.0948905109489,158.521897810219,182.308394160584,300.465328467153
MT_257,140256.0,156.41463973047266,46.01987750620991,1.16171003717472,112.760223048327,166.124535315985,192.221189591078,310.724907063197
MT_258,140256.0,123.59881307169005,38.70203168075873,0.851735015772871,82.9337539432177,136.900630914827,153.517350157729,255.733438485804
MT_259,140256.0,159.07957873843205,38.18194031001551,1.88640973630832,127.748478701826,160.223123732252,188.640973630832,347.789046653144
MT_260,140256.0,183.53085166715556,70.7447203187771,1.42857142857143,113.508571428571,195.12,240.96,394.754285714286
MT_261,140256.0,62.423931484880754,24.499069499545723,0.631313131313131,39.040404040404,66.8383838383838,78.969696969697,169.878787878788
MT_262,140256.0,197.41285613551838,53.67745911210357,1.79083094555874,155.200573065903,206.805157593123,235.974212034384,412.679083094556
MT_263,140256.0,191.58850804938174,72.90799065032594,1.39896373056995,111.580310880829,211.865284974093,246.955958549223,447.422279792746
MT_264,140256.0,196.46327368818112,69.3133070806808,1.35427952329361,126.034669555796,216.478873239437,250.151679306609,441.820151679307
MT_265,140256.0,177.66674721655735,51.852803744606234,1.23147092360319,127.890535917902,191.083238312429,217.388825541619,320.376282782212
MT_266,140256.0,280.6974381965602,75.91292710424119,1.94945848375451,211.498194945848,306.101083032491,335.072202166065,512.617328519856
MT_267,140256.0,69.91145167587423,25.16493902523205,0.0,45.3001132502831,74.1789354473386,87.202718006795,178.36919592299
MT_268,140256.0,250.5656181265175,94.354260376694,2.45579567779961,157.779960707269,256.070726915521,319.646365422397,573.811394891945
MT_269,140256.0,800.7494662820637,240.3109553514585,7.14285714285714,596.114285714286,853.428571428571,964.114285714286,1686.11428571429
MT_270,140256.0,68.40652168617144,24.480061685730718,0.643997939206595,39.8248325605358,76.9448737764039,87.4394641937146,147.887686759402
MT_271,140256.0,152.53732748092798,44.28416375154939,0.94197437829691,114.061793519216,161.906556141673,184.57422758101,316.412961567445
MT_272,140256.0,155.357363204156,42.21427133594609,0.0,115.991763898421,165.408373369938,186.684969114619,279.341111873713
MT_273,140256.0,496.70105594985813,158.61713945996146,0.0,339.339339339339,531.531531531532,612.612612612613,1102.1021021021
MT_274,140256.0,328.9443048201249,87.75718464455248,0.0,246.119733924612,350.332594235033,394.678492239468,592.017738359202
MT_275,140256.0,131.4951247854923,35.63042404213609,0.866851595006935,95.9431345353675,139.95145631068,159.424410540915,264.660194174757
MT_276,140256.0,1973.3353819211484,709.0549548930554,10.6930693069307,1229.40594059406,2145.74257425743,2512.77227722772,3928.51485148515
MT_277,140256.0,92.024291559392,29.86032905044561,0.604703247480403,61.1198208286674,96.0750279955207,115.727883538634,199.036954087346
MT_278,140256.0,90.66898511197101,28.653230308696468,0.794701986754967,61.9131714495953,99.6909492273731,113.715967623252,167.593818984547
MT_279,140256.0,12038.97123236558,3130.464061822243,0.0,9360.83333333333,12696.6666666667,14478.3333333333,21414.1666666667
MT_280,140256.0,270.7144047709584,123.08638962556111,0.0,159.833333333333,310.592592592593,366.296296296296,583.574074074074
MT_281,140256.0,122.79088881069033,33.03184863792031,0.758955676988464,93.1147540983607,129.22890103218,146.891317547055,246.381299332119
MT_282,140256.0,113.08172615639408,30.26257293219913,0.0,88.9148351648352,122.671703296703,135.068681318681,201.964285714286
MT_283,140256.0,268.6284284136567,60.87574630885241,1.70299727520436,215.74931880109,285.885558583106,315.940054495913,466.471389645777
MT_284,140256.0,73.79102426811954,26.80396421856154,0.541353383458647,51.2080200501253,75.453634085213,92.546365914787,165.568922305764
MT_285,140256.0,101.44324467983807,34.33472075372316,0.690989496959646,67.0702045328911,109.342177998894,127.63405196241,204.847982310669
MT_286,140256.0,120.59137780126154,42.881633632723464,0.620333141872487,75.5140723721999,132.550258472142,155.600229753015,227.323377369328
MT_287,140256.0,158.01918091339394,49.50701180945607,1.23031496062992,106.624015748031,171.988188976378,194.685039370079,338.986220472441
MT_288,140256.0,95.14081064419986,47.163775936734005,0.0,59.1849148418491,95.8272506082725,112.250608272506,277.384428223844
MT_289,140256.0,28.24072242134936,48.55406799554383,0.0,0.0,0.0,61.6484778862723,171.792073520965
MT_290,140256.0,583.407894355051,203.634674096974,4.35540069686411,419.268292682927,584.390243902439,685.714285714286,1501.56794425087
MT_291,140256.0,89.39857025414398,31.580852536418092,0.0,60.8695652173913,88.0434782608696,110.326086956522,217.934782608696
MT_292,140256.0,264.3603817772236,65.90144567118533,2.43792325056433,205.756207674944,275.778781038375,314.875846501129,613.792325056433
MT_293,140256.0,97.30718999821846,34.73931924020706,0.717154331612163,60.4245553643144,105.427423981641,126.1388410786,190.665519219736
MT_294,140256.0,641.0199544385247,199.36787583155416,5.06756756756757,451.385135135135,664.391891891892,784.527027027027,1495.2027027027
MT_295,140256.0,266.6687489176418,80.87036895035017,2.80120481927711,189.698795180723,280.120481927711,329.126506024096,609.457831325301
MT_296,140256.0,97.88249424021649,32.99331496146999,0.83948959032908,68.7172599059772,98.2874412357287,116.682337139019,247.521826729349
MT_297,140256.0,150.6588222054057,48.69489698986904,0.931034482758621,101.008620689655,162.620689655172,185.965517241379,310.784482758621
MT_298,140256.0,964.4079586403349,273.22604837214925,7.35294117647059,690.176470588235,1027.88235294118,1169.47058823529,2239.0
MT_299,140256.0,494.2904936312705,141.64737576867842,4.20875420875421,378.215488215488,492.760942760943,588.350168350168,1034.0404040404
MT_300,140256.0,131.81722771043815,37.06413861215351,1.13327289211242,93.6718041704442,139.038984587489,158.42248413418,257.51586582049
MT_301,140256.0,116.15732698705632,35.59576778881548,0.786598689002185,80.2330662782229,127.166788055353,142.505462490896,241.303714493809
MT_302,140256.0,126.91843392050895,39.257355609383374,1.00644122383253,89.6376811594203,128.582930756844,152.80193236715,279.734299516908
MT_303,140256.0,152.64188102693933,46.41257712460269,1.09533468559838,105.638945233266,163.853955375254,186.227180527383,332.951318458418
MT_304,140256.0,69.3295285594269,23.091678679458,0.529612756264237,45.5523917995444,74.2198177676538,86.2186788154898,142.750569476082
MT_305,140256.0,18.994299702838134,33.52428092008952,0.0,0.0,0.0,41.0017574692443,156.877562975981
MT_306,140256.0,81.25582124540132,29.435003747036955,0.550178298522669,50.509424350484,88.9454915944982,102.740703005604,191.344880285278
MT_307,140256.0,781.7337893492927,273.5857582780275,5.53846153846154,487.948717948718,874.820512820513,998.25641025641,1544.15384615385
MT_308,140256.0,66.83868564302693,63.709876763739636,0.0,0.0,60.0201612903226,130.235215053763,281.498655913978
MT_309,140256.0,222.53783267761884,56.796387151900994,1.73354735152488,175.216693418941,231.958266452648,264.157303370787,467.158908507223
MT_310,140256.0,601.5812127394979,182.4643999595831,5.60538116591928,436.412556053812,615.919282511211,734.125560538117,1309.73094170404
MT_311,140256.0,129.84826398564587,37.63677690231232,1.03946102021174,95.4282964388835,141.010587102984,158.392685274302,246.198267564966
MT_312,140256.0,384.46657603625994,153.58881550690305,3.25520833333333,222.161458333333,415.885416666667,494.21875,1046.27604166667
MT_313,140256.0,237.9518944832782,79.38043040404493,0.0,151.460234680574,255.09778357236,300.873533246415,456.897001303781
MT_314,140256.0,1120.6907850043715,327.61220114598655,0.0,848.314606741573,1151.68539325843,1359.55056179775,2398.87640449438
MT_315,140256.0,88.78603313151987,24.537114908670446,0.58759521218716,67.557127312296,92.8128400435256,105.908596300326,172.040261153428
MT_316,140256.0,347.55037953476824,114.73577291785922,2.22419928825623,263.967971530249,348.398576512456,417.989323843416,807.989323843416
MT_317,140256.0,534.9990246578892,203.01934720733422,3.77643504531722,309.123867069486,576.374622356495,688.489425981873,1262.44712990937
MT_318,140256.0,174.4225778413017,61.43493732252785,1.27811860940695,111.78936605317,184.815950920245,215.58282208589,416.973415132924
MT_319,140256.0,96.79459298390023,29.911169246263263,0.637920850561134,65.6585942114589,103.721204961607,117.938570584761,184.991139988187
MT_320,140256.0,104.69942031147505,29.62293209418845,0.602006688963211,82.2296544035675,110.183946488294,125.278706800446,220.044593088071
MT_321,140256.0,112.89843649643295,35.94393130300574,0.954927425515661,75.8747135217723,120.977845683728,140.381970970206,254.652406417112
MT_322,140256.0,31.913161906832848,49.53093642163145,0.0,0.0,0.0,59.3555681175806,223.289994347089
MT_323,140256.0,1789.7653671961518,644.6984672222117,15.2439024390244,1125.73170731707,1870.24390243902,2240.9756097561,4433.29268292683
MT_324,140256.0,337.04211745203145,96.80158112878173,2.20070422535211,254.137323943662,353.538732394366,406.496478873239,668.362676056338
MT_325,140256.0,313.9650303932255,96.85697465481148,0.0,257.080610021786,306.100217864924,380.174291938998,625.272331154684
MT_326,140256.0,253.9743638707247,89.1866542472384,1.55860349127182,166.259351620948,267.8927680798,316.658354114713,524.788029925187
MT_327,140256.0,568.3066393798605,193.55617306890414,3.47266881028939,386.398713826367,600.096463022508,709.774919614148,1146.23794212219
MT_328,140256.0,1255.1986948732897,464.59913023233827,0.0,785.185185185185,1355.55555555556,1592.59259259259,2637.03703703704
MT_329,140256.0,212.72900446326713,57.479581569713005,1.58823529411765,157.588235294118,228.735294117647,255.279411764706,376.176470588235
MT_330,140256.0,99.40905790126627,39.651647748975186,0.675,57.59375,105.9875,126.05,243.5625
MT_331,140256.0,221.8271031251848,80.8389675506328,0.0,157.407407407407,225.694444444444,276.62037037037,503.472222222222
MT_332,140256.0,29.308875445319078,50.85535510942216,0.0,0.0,3.49243306169965,28.5215366705471,291.036088474971
MT_333,140256.0,63.74555378559619,46.93574984789768,0.0,0.0,79.8969072164949,103.092783505155,274.742268041237
MT_334,140256.0,61.005710137974,55.64292880727912,0.0,0.0,39.6294390118374,110.138960370561,232.629953679876
MT_335,140256.0,54.978062104307796,53.6717251159096,0.0,0.0,38.994356080041,87.2242175474602,435.094920472037
MT_336,140256.0,121.34626912812749,93.75914737939559,0.0,0.0,104.330708661417,194.88188976378,629.92125984252
MT_337,140256.0,31.36277446425551,61.4850260165446,0.0,0.0,0.0,0.0,267.176724137931
MT_338,140256.0,183.6416563700958,137.64541770922008,0.0,0.0,203.463203463203,298.701298701299,904.761904761905
MT_339,140256.0,2442.715561695316,2128.8349414036543,0.0,848.780487804878,1775.60975609756,3954.47154471545,9930.08130081301
MT_340,140256.0,100.34282158255463,93.30125004620004,0.0,0.0,60.8058608058608,184.615384615385,424.175824175824
MT_341,140256.0,779.1878657579576,643.0707300963302,0.0,0.0,565.491183879093,1435.76826196474,2425.69269521411
MT_342,140256.0,204.0965240447748,182.1128674916696,0.0,0.0,139.14924297044,362.653208363374,880.317231434751
MT_343,140256.0,113.71920355276731,129.87641875140253,0.0,7.822085889570555,41.1042944785276,195.092024539877,656.441717791411
MT_344,140256.0,130.36140552392328,128.55553101517754,0.0,0.0,71.8424101969873,223.05909617613,678.447276940904
MT_345,140256.0,1565.9769409918204,1175.5124942004795,0.0,0.0,1386.47342995169,2695.65217391304,5149.75845410628
MT_346,140256.0,215.01934712023544,169.1953343344665,0.0,0.0,177.484787018256,365.111561866126,842.799188640974
MT_347,140256.0,1.8448802391889676,4.086486330353639,0.0,0.0,0.0,0.0,103.092783505155
MT_348,140256.0,13.0654853708574,23.09162542949339,0.0,0.0,0.0,40.6917599186165,203.458799593082
MT_349,140256.0,144.05290113943988,134.3330825592457,0.0,0.0,100.10060362173,232.394366197183,589.53722334004
MT_350,140256.0,484.30808256231956,511.5983701070503,0.0,0.0,199.004975124378,970.149253731343,2288.55721393035
MT_351,140256.0,1230.4597941541817,1105.1487461031707,0.0,0.0,742.222222222222,2124.44444444444,6768.88888888889
MT_352,140256.0,77.09692331536,95.23281683027588,0.0,0.0,29.2573143285821,112.528132033008,732.933233308327
MT_353,140256.0,391.2539676372222,279.6460611155044,0.0,4.329698524695315,432.969852469532,644.644002565747,1056.44644002566
MT_354,140256.0,90.12687278504076,99.55830879511548,0.0,0.0,48.0961923847695,163.326653306613,391.783567134269
MT_355,140256.0,495.2601131881133,442.7436597393092,0.0,0.0,255.707762557078,916.286149162861,1736.68188736682
MT_356,140256.0,82.16438142125938,108.3292297613284,0.0,0.0,31.9767441860465,117.248062015504,585.271317829457
MT_357,140256.0,1408.8817136975506,1243.202735989602,0.0,0.0,772.727272727273,2681.81818181818,5378.78787878788
MT_358,140256.0,605.1083828122357,576.6998513158414,0.0,14.3540669856459,350.079744816587,977.671451355662,2737.63955342903
MT_359,140256.0,81.53175382028337,85.3635631273149,0.0,0.0,61.2535612535613,111.111111111111,477.207977207977
MT_360,140256.0,388.2240801031498,347.62659877138185,0.0,0.0,260.964912280702,689.69298245614,1468.20175438596
MT_361,140256.0,218.21370116648535,204.83353214840648,0.0,5.71020699500357,131.334760885082,403.283369022127,852.962169878658
MT_362,140256.0,37607.98753707506,38691.954832140436,0.0,0.0,24100.0,54800.0,192800.0
MT_363,140256.0,1887.42736608935,1801.486488294491,0.0,0.0,1050.63291139241,3312.23628691983,7751.05485232068
MT_364,140256.0,2940.0317341795776,2732.2519665597206,0.0,0.0,2136.36363636364,5363.63636363636,12386.3636363636
MT_365,140256.0,65.41314953680526,65.00781810070504,0.0,13.0378096479791,31.2907431551499,108.213820078227,335.071707953064
MT_366,140256.0,9.269708540644631,10.01678166949311,0.0,0.0,7.02165008777063,11.7027501462844,60.2691632533645
MT_367,140256.0,424.262904335271,274.33712212489195,0.0,0.0,525.899912203687,627.74363476734,1138.7181738367
MT_368,140256.0,94.7047173839432,80.29730136775503,0.0,30.0500834724541,76.7946577629382,151.919866444073,362.270450751252
MT_369,140256.0,625.2517338634406,380.6560418532854,0.0,83.9442815249267,758.064516129032,875.366568914956,1549.12023460411
MT_370,140256.0,8722.355145186255,9195.155776759888,0.0,0.0,0.0,17783.7837837838,30918.9189189189
