device,count,mean,std,min,25%,50%,75%,max
00PC503015,6811.0,0.37894582293348994,2.400224562151031,0.0,0.0,0.0,0.0,89.0
10045021,6192.0,0.0,0.0,0.0,0.0,0.0,0.0,0.0
2124881J,6538.0,1.0460385438972162,43.54074778314466,0.0,0.0,0.0,0.0,2148.0
94CWK04576,6612.0,0.0,0.0,0.0,0.0,0.0,0.0,0.0
97WWK12134,6994.0,64.02773806119531,904.7878935770652,0.0,0.0,0.0,0.0,22060.0
98WWKI12645,6815.0,0.16874541452677916,1.674492365033024,0.0,0.0,0.0,0.0,40.0
C15FA534254,6637.0,2.6606900708151273,43.36148273244122,0.0,0.0,0.0,0.0,916.0
C15SC004730,4185.0,20.79259259259259,207.31642803056025,-1.0,0.0,0.0,0.0,5456.0
C16SB066962U,5461.0,0.0,0.0,0.0,0.0,0.0,0.0,0.0
C16SC000825R,4867.0,367.38216560509557,1171.6346123482529,0.0,0.0,0.0,360.5,29813.0
C16SC003896,6496.0,0.0,0.0,0.0,0.0,0.0,0.0,0.0
C16SE010255,6617.0,24.433277920507784,64.96777732630042,0.0,0.0,0.0,20.0,2595.0
C16SE010257A,6599.0,0.0,0.0,0.0,0.0,0.0,0.0,0.0
C17SC007379,6812.0,0.0,0.0,0.0,0.0,0.0,0.0,0.0
C17SC007397,6888.0,0.0,0.0,0.0,0.0,0.0,0.0,0.0
C17SC007432,6814.0,79.19782800117406,110.19287184082624,0.0,0.0,30.0,144.0,1543.0
C17SC007452,6499.0,24.431297122634252,202.39674478940842,0.0,0.0,0.0,0.0,2812.0
C17SC007459,6311.0,6.43463793376644,76.59538741801593,0.0,0.0,0.0,0.0,991.0
C17SC007472,6421.0,0.3731505995950786,29.70195125376275,0.0,0.0,0.0,0.0,2380.0
C17SC007473,5637.0,1.0782331027142096,36.97166375860141,0.0,0.0,0.0,0.0,1534.0
C17SC007479,6030.0,0.0,0.0,0.0,0.0,0.0,0.0,0.0
C17SC007487,6224.0,151.70099614395886,258.02532072320355,0.0,0.0,38.0,272.25,5789.0
C17SC007489,5580.0,2.3829749103942652,36.27427973438644,0.0,0.0,0.0,0.0,569.0
C17SC007492,6091.0,0.0,0.0,0.0,0.0,0.0,0.0,0.0
C17SC007493,5881.0,4.124808706002381,54.28813652241616,0.0,0.0,0.0,0.0,877.0
C17SC007494,6611.0,0.0,0.0,0.0,0.0,0.0,0.0,0.0
C17SC007495,5031.0,0.0,0.0,0.0,0.0,0.0,0.0,0.0
C18LB000167,5820.0,6.509621993127148,35.66869004590325,0.0,0.0,0.0,6.0,1508.0
C18LB000173,6490.0,160.7115562403698,282.8418418114903,-215.0,0.0,8.0,160.0,1990.0
C18SC002011N,6494.0,23.105635971666153,50.22906336953093,0.0,0.0,1.0,31.0,745.0
C18SC002021,6073.0,62.471430923760906,314.66523485846847,0.0,0.0,0.0,0.0,3891.0
C18SC002022,5801.0,0.0,0.0,0.0,0.0,0.0,0.0,0.0
C18SC002026,6194.0,5.983855343881175,90.79007890816173,-1.0,0.0,0.0,0.0,1410.0
C18SC002034,6021.0,0.0,0.0,0.0,0.0,0.0,0.0,0.0
C18SC002050U,4528.0,128.68970848056537,214.393043450191,0.0,26.0,66.5,139.0,2358.0
C18SC002069,6530.0,256.34425727411946,144.3048139339019,-358.0,175.0,241.0,307.0,2288.0
C18SC002074,5916.0,0.0,0.0,0.0,0.0,0.0,0.0,0.0
C18SC002075,6521.0,0.0,0.0,0.0,0.0,0.0,0.0,0.0
C18SC002081,6428.0,7.67221530802738,104.00567179843895,0.0,0.0,0.0,0.0,1929.0
C18SC002082,6372.0,17.9924670433145,204.42360313300597,0.0,0.0,0.0,0.0,4801.0
C18SC002088,6340.0,0.0,0.0,0.0,0.0,0.0,0.0,0.0
C18SC002098,6371.0,0.0,0.0,0.0,0.0,0.0,0.0,0.0
C18SC002104,6417.0,0.0,0.0,0.0,0.0,0.0,0.0,0.0
C18SC002113,6377.0,863.875333228791,665.366945048868,0.0,542.0,809.0,1049.0,19847.0
C18SC002133,6850.0,2.547883211678832,79.03728371478073,0.0,0.0,0.0,0.0,2506.0
C18SC005951,6067.0,0.0,0.0,0.0,0.0,0.0,0.0,0.0
C18SC005955,6406.0,15.695441773337496,83.35762781563969,0.0,0.0,0.0,0.0,1056.0
C18SC005956,6548.0,0.8840867440439829,40.840735013587704,0.0,0.0,0.0,0.0,2978.0
C18SC005957,6720.0,0.0,0.0,0.0,0.0,0.0,0.0,0.0
C18SC005960J,6427.0,78.68476738758363,166.85872470001843,0.0,5.0,19.0,57.0,3682.0
C18SC005963M,4023.0,425.4615958240119,909.0351251360519,0.0,112.0,265.0,407.0,27236.0
C20LB001379,6403.0,47.839606434483834,127.45968868340397,0.0,2.0,7.0,36.0,2849.0
C21FE001327,6208.0,0.0,0.0,0.0,0.0,0.0,0.0,0.0
C21FE004002H,6433.0,174.3502254002798,138.06247906414643,-44.0,38.0,176.0,243.0,1470.0
C21FE004003I,5395.0,0.0,0.0,0.0,0.0,0.0,0.0,0.0
C21FE010286W,5689.0,0.0005273334505185445,0.039774368022077164,0.0,0.0,0.0,0.0,3.0
C21FE010289Z,6191.0,770.745598449362,468.4535622176132,349.0,500.0,619.0,911.0,9653.0
C22FC001476U,6239.0,0.0,0.0,0.0,0.0,0.0,0.0,0.0
C22FC002058K,5475.0,3.3680365296803654,91.46832858714276,0.0,0.0,0.0,0.0,3373.0
C22FC002164L,2554.0,171.99882537196555,541.6725584649804,0.0,16.0,55.0,118.0,14082.0
C22FC002165M,5137.0,81.63772629939653,301.9955201001521,-4.0,11.0,50.0,108.0,15789.0
C22FC002170J,6195.0,174.84309927360775,155.23517083719173,0.0,66.5,163.0,253.0,4663.0
C22FC002175O,5839.0,35.556602157903754,43.28235144240074,0.0,7.0,24.0,48.0,674.0
C22FC002177Q,6343.0,237.23490461926534,117.45613189174719,0.0,224.0,230.0,325.0,3004.0
C22FE011956,6346.0,0.0,0.0,0.0,0.0,0.0,0.0,0.0
C22FE011961V,6417.0,1700.8790712170796,635.61122969281,22.0,1421.0,1549.0,2033.0,11646.0
C22FE011963X,5938.0,48.86089592455372,26.042446985217833,0.0,50.0,53.0,54.0,468.0
C23FC001331N,5000.0,94.2854,140.3438150547605,0.0,21.0,60.0,116.0,2932.0
C23FC001332O,6186.0,35.862592951826706,44.499674735641136,0.0,6.0,22.0,49.0,586.0
C23FC001333P,6098.0,52.90078714332568,53.54632834615332,0.0,15.0,41.0,76.0,622.0
C23FE003151H,6096.0,254.27345800524935,1578.8883495055463,0.0,0.0,0.0,0.0,41352.0
C23FE003152I,6093.0,38.4603643525357,246.34462701473066,-5.0,0.0,0.0,1.0,2356.0
C23FE003153J,4495.0,8.157953281423804,39.94991260252402,-2.0,0.0,0.0,0.0,953.0
C23FE003163L,5918.0,0.018080432578573842,2.1798881515277833,-82.0,0.0,0.0,0.0,145.0
C23FE003164M,6243.0,0.0,0.0,0.0,0.0,0.0,0.0,0.0
D01TE042969,5304.0,0.0,0.0,0.0,0.0,0.0,0.0,0.0
D01TE050163,5013.0,83.55874725713146,748.2768595708546,-10.0,0.0,0.0,0.0,17360.0
D01WF051014,5716.0,428.03533939818055,633.5559267434196,0.0,30.0,110.0,600.0,6510.0
D01WF056237,4415.0,11.56964892412231,254.22689576329594,0.0,0.0,0.0,0.0,6670.0
D03TD027211,6510.0,114.50122887864823,218.51653350980263,0.0,1.0,11.0,146.75,4596.0
D03TD038363,6501.0,0.0,0.0,0.0,0.0,0.0,0.0,0.0
D05AE129685,3160.0,48.69715189873418,522.0367595672398,0.0,0.0,0.0,0.0,13900.0
D05AE129686,4603.0,12.686508798609603,178.28216373782217,0.0,0.0,0.0,0.0,6454.0
D05AE130850,6027.0,16.044300647088104,322.00321461798444,0.0,0.0,0.0,0.0,18992.0
D05AE130852,4295.0,0.0,0.0,0.0,0.0,0.0,0.0,0.0
D06AE082862,5012.0,27.34417398244214,259.07861135354676,0.0,0.0,0.0,0.0,4360.0
D07AC001465N,3977.0,0.0,0.0,0.0,0.0,0.0,0.0,0.0
D07AC001466O,3562.0,0.0,0.0,0.0,0.0,0.0,0.0,0.0
D07AC003358T,6685.0,0.0,0.0,0.0,0.0,0.0,0.0,0.0
D07AC003363O,6201.0,0.0,0.0,0.0,0.0,0.0,0.0,0.0
D07AC004101A,6161.0,72.86625547800682,754.2340330361781,0.0,0.0,0.0,0.0,15876.0
D07AC116408J,6629.0,0.0,0.0,0.0,0.0,0.0,0.0,0.0
D07AE127769C,6128.0,161.69370104438642,537.902269611149,0.0,0.0,0.0,0.0,3833.0
D07AE127770V,5809.0,18.130487175073164,119.86413271601856,0.0,0.0,3.0,14.0,2140.0
D07AE137190M,5903.0,15.191936303574453,249.54885608172822,0.0,0.0,0.0,0.0,5587.0
D07AE137191N,6180.0,0.0,0.0,0.0,0.0,0.0,0.0,0.0
D07AE137194,5443.0,14.204482821973176,261.41991472300884,0.0,0.0,0.0,0.0,6948.0
D07OF134064K,450.0,0.0,0.0,0.0,0.0,0.0,0.0,0.0
D08AB044387,1942.0,47.921730175077236,202.98567178122025,0.0,0.0,8.0,17.0,4130.0
D08AC357150V,4072.0,77.9425343811395,138.84061694279012,0.0,12.0,41.0,85.0,2394.0
D08AC395031B,6653.0,27.006613557793475,36.08379893457354,0.0,5.0,15.0,36.0,510.0
D08AE056364Z,2133.0,0.005625879043600563,0.25982792098465235,0.0,0.0,0.0,0.0,12.0
D09AC220451,6417.0,0.0,0.0,0.0,0.0,0.0,0.0,0.0
D09AE219774A,6255.0,16.032454036770584,221.02340474440302,0.0,0.0,0.0,0.0,4601.0
D09JE246112R,6153.0,7.723061921014139,16.182125917372247,0.0,0.0,2.0,6.0,298.0
D09OF265615K,5713.0,0.0,0.0,0.0,0.0,0.0,0.0,0.0
D10JC069091G,6506.0,0.0,0.0,0.0,0.0,0.0,0.0,0.0
D10JC116614G,4226.0,123.00307619498344,303.09255209995473,0.0,17.0,55.0,139.0,9726.0
D10JE044291W,5670.0,0.0,0.0,0.0,0.0,0.0,0.0,0.0
D10JE067404J,4515.0,0.0,0.0,0.0,0.0,0.0,0.0,0.0
D10JE102675,5659.0,0.0,0.0,0.0,0.0,0.0,0.0,0.0
D10OF068767,6415.0,594.1543257989088,749.3049255203258,0.0,100.0,300.0,900.0,9200.0
D11JC109182T,4000.0,0.0,0.0,0.0,0.0,0.0,0.0,0.0
D11JE109235D,5870.0,374.10425894378193,606.9390494481474,-8.0,71.0,104.0,455.75,7809.0
D11JE117987H,1319.0,287.4435178165277,1791.9986988071767,0.0,0.0,0.0,0.0,41254.0
D12JC097899,5719.0,0.0,0.0,0.0,0.0,0.0,0.0,0.0
D12JC113924X,6241.0,0.0,0.0,0.0,0.0,0.0,0.0,0.0
D12XF094973V,5766.0,1490.0676378772112,2244.1916809209656,0.0,150.0,730.0,1940.0,29840.0
D13XF126371P,6336.0,546.6493055555555,454.85894927364495,0.0,280.0,380.0,770.0,10810.0
D14XF111533Z,6271.0,0.0,0.0,0.0,0.0,0.0,0.0,0.0
D15XF072893,6008.0,21.31324900133156,128.46699451909436,0.0,0.0,0.0,0.0,4080.0
D16BA133407,6508.0,32.08850645359558,144.803695367709,0.0,0.0,0.0,0.0,1611.0
D16BX009413,6305.0,0.3043616177636796,6.719437885993861,0.0,0.0,0.0,0.0,280.0
D16BX009425,5213.0,6.644734318051026,50.6100126294135,-1.0,0.0,0.0,0.0,1041.0
D16BX009428,6306.0,62.23644148430066,252.8288260857147,-1.0,0.0,0.0,0.0,2183.0
D16XF077374,6087.0,619.2198127156234,4809.237595133904,0.0,80.0,350.0,770.0,370611.0
D17BA019937,6131.0,2.9261131952373187,6.965629078760801,0.0,0.0,0.0,1.0,91.0
D17BA019938,6015.0,27.525187032418952,37.78721939771707,0.0,3.0,13.0,38.0,490.0
D17BA053783,6393.0,0.0,0.0,0.0,0.0,0.0,0.0,0.0
D18BA316162,3348.0,8.40621266427718,32.64336607800236,0.0,0.0,1.0,8.0,813.0
D18BX003233,2648.0,13.379909365558913,121.47665284299751,-1.0,0.0,0.0,0.0,3894.0
D18BX003237,3967.0,0.0,0.0,0.0,0.0,0.0,0.0,0.0
D18BX003239,6254.0,67.31483850335785,168.18947885315356,0.0,0.0,0.0,9.0,2068.0
D18BX003260,5423.0,0.0,0.0,0.0,0.0,0.0,0.0,0.0
D18BX003284,6036.0,0.12143803843605036,1.4078714634635008,0.0,0.0,0.0,0.0,44.0
D19BA000196,6259.0,5.55072695318741,11.667141323899276,0.0,0.0,0.0,7.0,102.0
D19BA063983,6445.0,0.0,0.0,0.0,0.0,0.0,0.0,0.0
D19BA093038,6545.0,0.3225362872421696,1.8996897627312423,0.0,0.0,0.0,0.0,37.0
D19BA093039,6338.0,2.0145156200694228,5.432249659932093,0.0,0.0,0.0,0.0,180.0
D19BA310748,5073.0,14.820027597082595,43.595056148407856,0.0,0.0,0.0,4.0,587.0
D19BA310997,6480.0,2.2387345679012345,1.7712037645774004,0.0,2.0,2.0,3.0,60.0
D19BA341196,6726.0,17.164287838239666,41.6777680690516,-293.0,1.0,2.0,10.0,418.0
D19BA343472,5871.0,10.961335377278147,76.15710944555553,0.0,0.0,0.0,0.0,1664.0
D19BA343473,6129.0,4.673682493065753,33.89044938563666,0.0,0.0,0.0,0.0,818.0
D19BA343474,6262.0,1.9091344618332802,26.834021943610054,0.0,0.0,0.0,0.0,769.0
D19BA343504,6382.0,2.2093387652773426,15.591469562456323,0.0,0.0,0.0,0.0,668.0
D19BX000010,4849.0,0.0,0.0,0.0,0.0,0.0,0.0,0.0
D19BX000034,6082.0,13.121177244327523,70.78458243899217,0.0,0.0,0.0,0.0,1655.0
D19BX000036,5533.0,0.0,0.0,0.0,0.0,0.0,0.0,0.0
D19BX000038,4835.0,4.523474663908997,62.0744512839067,0.0,0.0,0.0,0.0,1532.0
D19BX000040,6195.0,190.56513317191283,264.5608421711855,0.0,10.0,33.0,331.0,2849.0
D19BX000041,6058.0,32.328656322218556,218.72032731895305,0.0,0.0,0.0,0.0,5932.0
D19BX000057,5960.0,105.95906040268456,199.60773581654612,0.0,0.0,8.0,114.0,3019.0
D20BA029351,6224.0,0.02924164524421594,0.18745743340939866,0.0,0.0,0.0,0.0,3.0
H19VA232210,6248.0,37.72567221510884,274.42382611171064,0.0,0.0,0.0,0.0,2470.0
H20VA222003,5229.0,7.091413272136164,65.05537677643629,0.0,0.0,0.0,0.0,3111.0
H20VA222016,6744.0,0.9568505338078291,5.179678912124402,0.0,0.0,0.0,0.0,292.0
H20VA543760,6274.0,1.8799808734459675,6.801677215510807,0.0,0.0,0.0,0.0,106.0
H21OF823215Y,6225.0,0.44819277108433736,34.85659554401622,0.0,0.0,0.0,0.0,2750.0
H21OF824724S,6543.0,33.368485404248815,511.81156587544797,0.0,0.0,0.0,0.0,10570.0
H21OF834686I,6570.0,97.55555555555556,185.67078435150282,0.0,0.0,20.0,90.0,2520.0
H21OF834689L,6051.0,0.0,0.0,0.0,0.0,0.0,0.0,0.0
H21OF834691F,6548.0,0.9743433109346366,45.01783108136755,0.0,0.0,0.0,0.0,2130.0
H21OF834748,6207.0,0.0,0.0,0.0,0.0,0.0,0.0,0.0
H21OF834752B,6172.0,128.87394685677253,597.1314611032936,0.0,0.0,0.0,0.0,11870.0
H21VA420473Z,6722.0,296.6157393632847,164.85144306986288,82.0,237.0,280.0,340.0,6054.0
H21VA420783K,6785.0,54.37450257921886,110.6277378065346,-12.0,0.0,1.0,54.0,1713.0
H21VA421023H,5195.0,0.22810394610202117,11.004538364584429,0.0,0.0,0.0,0.0,791.0
H21VA421030G,5185.0,0.23452266152362583,8.781456029211553,0.0,0.0,0.0,0.0,569.0
H21VA421042K,5815.0,0.2226999140154772,15.24638042960435,0.0,0.0,0.0,0.0,1162.0
H21VA421044M,2005.0,0.6967581047381546,19.166978591504346,0.0,0.0,0.0,0.0,838.0
H21VA421061N,2874.0,0.3173277661795407,8.1429662980579,0.0,0.0,0.0,0.0,336.0
H21VA421068U,5895.0,0.2363019508057676,7.862146075977481,0.0,0.0,0.0,0.0,522.0
H21VA421091T,5051.0,0.5503860621659077,34.16831931629695,0.0,0.0,0.0,0.0,2419.0
H21VA421092U,6330.0,2.2127962085308055,97.11948029574846,0.0,0.0,0.0,0.0,6975.0
I11JB001828,6444.0,3.798572315332092,8.40916393019295,0.0,0.0,0.0,6.0,112.0
I13JA277278,6207.0,0.25890124053487995,2.446954005230958,0.0,0.0,0.0,0.0,52.0
I13JA277279,5091.0,0.34629738754665096,3.7858302068060685,0.0,0.0,0.0,0.0,94.0
I13JA277280,6007.0,0.1308473447644415,5.8039216762758645,0.0,0.0,0.0,0.0,308.0
I13JA277295,6287.0,0.08939080642595833,3.3980249725528804,0.0,0.0,0.0,0.0,211.0
I13JA287987,5052.0,8.063143309580365,15.395202062399802,0.0,0.0,2.0,12.0,259.0
I13JA287996,6084.0,0.5833333333333334,2.110647564502895,-1.0,0.0,0.0,0.0,30.0
I13JC094216,5353.0,14.666542125910704,72.05180749257754,0.0,0.0,0.0,0.0,595.0
I13JC114242U,6129.0,0.0,0.0,0.0,0.0,0.0,0.0,0.0
I13JE090461J,6523.0,0.016710102713475394,0.23138404642549978,0.0,0.0,0.0,0.0,8.0
I13JE090462,6468.0,0.0,0.0,0.0,0.0,0.0,0.0,0.0
I13JE090464M,6303.0,11.341424718388069,135.77550289814099,0.0,0.0,0.0,0.0,2864.0
I13JE128947D,5230.0,0.0,0.0,0.0,0.0,0.0,0.0,0.0
I13JE133572D,6408.0,0.01466916354556804,1.0444036610053535,0.0,0.0,0.0,0.0,83.0
I14JC000553,6157.0,89.09501380542471,312.252074860778,0.0,0.0,0.0,0.0,5876.0
I14JC000554,6123.0,28.11138330883554,37.18178947069325,0.0,4.0,14.0,38.5,444.0
I14JC000555,6171.0,42.85431858693891,69.05996270877257,0.0,3.0,15.0,52.0,759.0
I14JC000558,5388.0,31.160356347438753,50.59040956569942,0.0,1.0,13.5,40.0,639.0
I14JC000570,6449.0,0.0,0.0,0.0,0.0,0.0,0.0,0.0
I14JC000573,4310.0,-0.0002320185614849188,0.015232155510134434,-1.0,0.0,0.0,0.0,0.0
I14JC000574,6574.0,0.0,0.0,0.0,0.0,0.0,0.0,0.0
I14JC000600,6294.0,66.68064823641564,77.6547547880836,0.0,9.0,43.0,101.0,1037.0
I14JC001558X,6296.0,0.0003176620076238882,0.030871289015236024,-1.0,0.0,0.0,0.0,1.0
I14JC024663T,6173.0,0.0,0.0,0.0,0.0,0.0,0.0,0.0
I14JC024664U,5727.0,0.0,0.0,0.0,0.0,0.0,0.0,0.0
I14JC025288,5976.0,0.0,0.0,0.0,0.0,0.0,0.0,0.0
I14JC032911,6661.0,0.0,0.0,0.0,0.0,0.0,0.0,0.0
I14JE002614G,4827.0,15.055106691526829,239.37144403274505,0.0,0.0,0.0,0.0,5157.0
I14JE002622G,6809.0,159.78264062270523,293.0978078340525,0.0,0.0,0.0,226.0,5604.0
I15JC065279,6231.0,6.062429786551116,64.6655511193953,0.0,0.0,0.0,0.0,1522.0
I15JC093137,6350.0,0.0,0.0,0.0,0.0,0.0,0.0,0.0
I16JC097380,5521.0,-0.00018112660749864155,0.013458328555160243,-1.0,0.0,0.0,0.0,0.0
I16JC098524,6386.0,60.31381146257438,92.4712769405606,0.0,0.0,0.0,120.0,1012.0
I16JC098541,6499.0,1.8024311432528082,29.581315386647347,-1.0,0.0,0.0,0.0,499.0
I17JC061030,5957.0,0.0,0.0,0.0,0.0,0.0,0.0,0.0
I17JC061031,6413.0,0.0003118665211289568,0.01765836581287132,0.0,0.0,0.0,0.0,1.0
I17JC061032,5258.0,0.0,0.0,0.0,0.0,0.0,0.0,0.0
I17JC061038,5795.0,4.133563416738568,95.53918047329253,0.0,0.0,0.0,0.0,2774.0
I17JE060870R,6560.0,17.73810975609756,40.92530180932479,0.0,0.0,1.0,16.0,634.0
I17JE060874,6254.0,141.2137831787656,328.7055691936438,0.0,2.0,3.0,131.0,4134.0
I17JE060876,6165.0,94.51127331711274,161.92283337830307,0.0,0.0,0.0,153.0,3292.0
I17JE060878,6659.0,221.90388947289384,358.6979730637371,-1.0,9.0,60.0,280.0,3749.0
I17JE060879,6718.0,187.6289074129205,311.3709846944631,0.0,0.0,12.0,298.0,3452.0
I17JE096910V,6704.0,15.683770883054892,180.36794144249885,0.0,0.0,0.0,1.0,3708.0
I17JE096912X,5341.0,257.07713911252574,886.614631990094,0.0,0.0,0.0,71.0,26419.0
I17JE096914,6778.0,73.48922986131602,142.1678527283319,0.0,0.0,1.0,82.0,2246.0
I18JC059402,6004.0,4.26782145236509,80.13647710647076,0.0,0.0,0.0,0.0,2917.0
I18JC067674,4555.0,0.0,0.0,0.0,0.0,0.0,0.0,0.0
I18JC067687,1824.0,201.15625,3175.8476682087403,0.0,0.0,0.0,0.0,104133.0
I18JC067698,6594.0,185.101152562936,140.33823928717666,2.0,71.0,156.0,259.75,1928.0
I18JC080663,4728.0,0.0,0.0,0.0,0.0,0.0,0.0,0.0
I18JE068310,6130.0,9.328221859706362,147.178205973333,0.0,0.0,0.0,0.0,2804.0
I18MF900593,1592.0,0.0,0.0,0.0,0.0,0.0,0.0,0.0
I18MF912111K,5482.0,356.92083181320686,547.6027975382705,0.0,0.0,230.0,600.0,11840.0
I18MF914138D,4789.0,0.0,0.0,0.0,0.0,0.0,0.0,0.0
I18MF914139E,6577.0,0.0,0.0,0.0,0.0,0.0,0.0,0.0
I19JC019975,4878.0,-0.0014350143501435015,6.382436139228871,-224.0,0.0,0.0,0.0,256.0
I19JC020003,6329.0,113.31679570232264,102.71512209036858,0.0,49.0,92.0,149.0,1184.0
I19JC029813,4076.0,0.0,0.0,0.0,0.0,0.0,0.0,0.0
I19JC029815,6172.0,5.292773817239144,97.2090300363836,0.0,0.0,0.0,0.0,2172.0
I19JC029846L,4030.0,875.77841191067,1645.1308084157529,0.0,224.0,420.5,842.75,26948.0
I19JC029855,4830.0,248.63850931677018,477.38201829676973,0.0,15.0,57.5,344.0,9457.0
I19JC029856,4713.0,391.86632718014005,1059.7614055987863,-2022.0,0.0,1.0,5.0,25518.0
I19JC029867,5521.0,0.0,0.0,0.0,0.0,0.0,0.0,0.0
I19JC029868,5713.0,51.060738666199896,144.14156445274782,-294.0,0.0,0.0,0.0,3901.0
I19JC029874,6779.0,36.7732703938634,186.25366555061657,-7168.0,0.0,0.0,57.0,7207.0
I19JC029877,6352.0,49.55998110831234,78.67533739820716,0.0,2.0,8.0,70.0,1635.0
I19JC029878,5747.0,0.0,0.0,0.0,0.0,0.0,0.0,0.0
I19JC029884,4000.0,42.008,239.30976207952037,0.0,0.0,0.0,0.0,6673.0
I19JC029885,6109.0,38.93206744147978,168.88320559765108,0.0,0.0,0.0,0.0,2472.0
I19JC065474,5176.0,151.49478361669242,438.38559513411616,0.0,35.0,56.0,65.0,7290.0
I19JC065475,5749.0,0.9097234301617673,20.67355773188813,0.0,0.0,0.0,0.0,480.0
I19JC065506,6391.0,79.69034579877953,167.88094848124769,0.0,0.0,0.0,74.5,1828.0
I19JC065518,6338.0,1.4887977279899023,39.758914677059856,0.0,0.0,0.0,0.0,1686.0
I19JC065519,6351.0,67.7816091954023,228.9524305342746,0.0,0.0,0.0,0.0,1041.0
I19JC065533,5190.0,5.895953757225434,110.09637136469026,0.0,0.0,0.0,0.0,2257.0
I19JC065537,6740.0,58.785014836795256,134.19983719470858,0.0,2.0,6.0,33.0,1951.0
I19JC065564I,5050.0,93.11643564356436,113.01167483235463,0.0,34.0,65.0,109.0,1576.0
I19JE047347N,6587.0,6.103385456201609,116.38889606928659,0.0,0.0,0.0,0.0,4600.0
I19JE047349,5708.0,22.29905395935529,285.15885984600857,0.0,0.0,0.0,0.0,9262.0
I19JE055638,4973.0,107.15765131711241,522.9642460581242,0.0,0.0,0.0,0.0,12752.0
I19MF924543A,6692.0,189.09294680215183,386.41351928894454,0.0,0.0,0.0,280.0,5540.0
I19MF927865,6184.0,949.1526520051747,3063.217174767799,0.0,0.0,0.0,0.0,98520.0
I19MF927868E,4792.0,0.02921535893155259,1.4871543367242188,0.0,0.0,0.0,0.0,90.0
I20JE060955,5944.0,16.436238223418574,104.6611495406384,-91.0,0.0,0.0,0.0,2543.0
I20JE060957,6298.0,122.88027945379486,152.31728549266887,0.0,39.0,100.0,172.0,6487.0
I20JE060958,5523.0,-0.0001810610175629187,0.013455891555854586,-1.0,0.0,0.0,0.0,0.0
I20JE060959,5012.0,175.201316839585,320.31086846819966,0.0,9.0,69.0,226.0,5376.0
I20JE067855T,5711.0,6.7825249518473125,424.82856991633827,0.0,0.0,0.0,0.0,32005.0
I20JE067857,6349.0,80.5350448889589,77.18914674357997,0.0,17.0,63.0,122.0,1561.0
I20JE067858,6367.0,267.9082770535574,211.5742730536732,0.0,97.0,253.0,387.0,3394.0
I20JE067859,6424.0,233.04218555417185,153.24874310793666,3.0,97.0,222.0,331.0,2121.0
I20MF944347P,6320.0,328.47151898734177,429.76663048912695,0.0,20.0,120.0,620.0,3310.0
I20MF944348Q,6273.0,-3.312609596684202,4.76762259623907,-30.0,-10.0,0.0,0.0,10.0
I20MF945856,5319.0,0.0,0.0,0.0,0.0,0.0,0.0,0.0
I20MF945857,5989.0,68.14493237602271,156.10098248649632,0.0,0.0,0.0,70.0,2770.0
I21JC023968M,6061.0,0.01616894901831381,0.442841008614,0.0,0.0,0.0,0.0,14.0
I21JC029084J,6597.0,5.219493709261785,77.58149745062393,0.0,0.0,0.0,0.0,1492.0
I21JC029093K,6268.0,1.6936821952776004,18.49004005591488,0.0,0.0,0.0,1.0,949.0
I21JC029094L,5245.0,0.19294566253574832,12.120003975857925,0.0,0.0,0.0,0.0,870.0
I21JC029107Z,6147.0,8.873108833577355,248.7660196762014,0.0,0.0,0.0,0.0,10693.0
I21JC029118C,6213.0,48.05697730564945,57.75412199609,0.0,24.0,41.0,61.0,2098.0
I21JC029120W,6048.0,24.56084656084656,51.85160544934124,0.0,0.0,1.0,27.0,638.0
I21JC029122Y,6259.0,100.68109921712734,185.65033244528965,0.0,0.0,10.0,141.0,2914.0
I21JC029129F,6248.0,150.11267605633802,118.99862499663402,0.0,71.0,129.0,205.0,2236.0
I21JC029134C,6300.0,268.52507936507936,418.64315772845595,0.0,11.0,60.0,376.0,4428.0
I21JC029136E,6159.0,36.524435785030036,295.4336198213667,0.0,0.0,0.0,0.0,4892.0
I21JC029147H,5265.0,1.9331433998100664,70.07550810616192,0.0,0.0,0.0,0.0,2564.0
I21JC029148I,6109.0,164.45801276804715,258.10538112737623,0.0,10.0,34.0,205.0,1910.0
I21JC029153F,5930.0,99.01332209106239,207.92273982371293,0.0,80.0,83.0,86.0,3280.0
I21JC029154G,6480.0,4.353858024691358,21.98548540949371,0.0,0.0,0.0,0.0,988.0
I21JC029164I,6521.0,1.6229105965342738,77.96155822527939,0.0,0.0,0.0,0.0,4385.0
I21JC029165J,5482.0,98.22345859175483,388.51694151108575,0.0,0.0,0.0,0.0,5074.0
I21JC029166K,6242.0,107.03876962512015,441.2312616039259,0.0,7.0,9.0,10.0,2339.0
I21JC029167L,6204.0,25.46067053513862,167.581475009443,0.0,0.0,8.0,11.0,1605.0
I21JC029323F,5990.0,334.649081803005,252.960367380633,-144.0,161.0,304.0,443.0,3338.0
I21JC029325H,5852.0,86.5692071086808,78.68067272410718,2.0,34.0,67.0,115.0,1139.0
I21JC029328K,5411.0,122.35150619109221,368.23285634839294,-4.0,9.0,10.0,14.0,4659.0
I21JC029331F,988.0,523.9919028340081,2276.239785307791,0.0,25.0,82.0,183.25,43642.0
I21JC029332G,3959.0,131.93205354887598,241.18937682510105,0.0,27.0,65.0,137.0,4272.0
I21JC029333H,4718.0,119.41521831284443,164.37011653695475,0.0,30.0,78.0,145.0,2466.0
I21JC029335J,4127.0,67.09861885146596,113.9787600674643,0.0,10.0,34.0,77.0,1390.0
I21JC029336K,4966.0,117.34776480064438,161.83849346744594,0.0,27.0,82.0,150.0,2053.0
I21JC029357P,4033.0,5.383337465906274,121.37788355029198,0.0,0.0,0.0,0.0,3545.0
I21JC029360K,6105.0,2.1262899262899264,41.164419605120315,0.0,0.0,0.0,0.0,818.0
I21JC029361L,5793.0,55.646469877438285,56.32107230408106,0.0,18.0,40.0,74.0,1122.0
I21JC029405G,6476.0,8.465410747374923,88.09083698180865,0.0,0.0,0.0,0.0,1601.0
I21JC029411E,3855.0,0.0,0.0,0.0,0.0,0.0,0.0,0.0
I21JC029424J,3440.0,0.0,0.0,0.0,0.0,0.0,0.0,0.0
I21JC029429O,6588.0,12.761536126290224,15.81831131037917,0.0,0.0,0.0,31.0,168.0
I21JC029445O,3324.0,0.0,0.0,0.0,0.0,0.0,0.0,0.0
I21JC029459U,4710.0,0.0,0.0,0.0,0.0,0.0,0.0,0.0
I21JC029465S,6589.0,655.7081499468811,405.3327011600254,0.0,380.0,646.0,852.0,11244.0
I21JC029474T,6265.0,6.359776536312849,127.1351634547571,0.0,0.0,0.0,0.0,3089.0
I21JC029494X,6150.0,0.0,0.0,0.0,0.0,0.0,0.0,0.0
I21JC029495Y,5972.0,0.0,0.0,0.0,0.0,0.0,0.0,0.0
I21JC029541N,3617.0,0.00552944429084877,0.3325490727952423,0.0,0.0,0.0,0.0,20.0
I21JC029553R,5885.0,85.56924384027188,142.34441757347898,0.0,27.0,48.0,72.0,2338.0
I21JC029555T,6182.0,22.97719184729861,161.96382067580194,0.0,0.0,0.0,0.0,1676.0
I21JC029567X,5662.0,23.80430943129636,149.7711008465878,0.0,0.0,0.0,22.0,5247.0
I21JC029576Y,6666.0,0.0,0.0,0.0,0.0,0.0,0.0,0.0
I21JC029598E,3117.0,0.09143407122232916,5.104773285696811,0.0,0.0,0.0,0.0,285.0
I21JC029599F,6112.0,0.30268324607329844,23.663558591970098,0.0,0.0,0.0,0.0,1850.0
I21JC029600H,5985.0,4.493065998329156,83.29554241817378,0.0,0.0,0.0,0.0,2174.0
I21JC029603K,5819.0,0.0,0.0,0.0,0.0,0.0,0.0,0.0
I21JC029611K,5768.0,0.0,0.0,0.0,0.0,0.0,0.0,0.0
I21JC029632P,6236.0,0.0,0.0,0.0,0.0,0.0,0.0,0.0
I21JC029635S,6458.0,1.6633632703623413,14.52039601850679,-1133.0,0.0,0.0,4.0,146.0
I21JC029733T,6286.0,0.0,0.0,0.0,0.0,0.0,0.0,0.0
I21JC029735V,6660.0,38.19564564564565,305.5391916568849,0.0,0.0,0.0,0.0,4271.0
I21JC029745X,6366.0,0.0,0.0,0.0,0.0,0.0,0.0,0.0
I21JC029765B,6737.0,65.48226213448122,53.14519579839446,0.0,70.0,77.0,80.0,1945.0
I21JC037657V,6031.0,47.58829381528768,55.38908168949185,0.0,9.0,31.0,68.0,698.0
I21JC037658W,6417.0,38.405797101449274,41.385796849308306,0.0,12.0,26.0,54.0,403.0
I21JC037659X,6353.0,18.176294663938297,27.674664430101064,-1.0,0.0,9.0,25.0,517.0
I21JC037660Q,6282.0,45.33046800382044,57.441505031695776,0.0,6.0,23.0,68.0,639.0
I21JC037663T,6813.0,384.9933949801849,229.09875209696386,48.0,175.0,386.0,541.0,4267.0
I21JC037673V,2024.0,0.0004940711462450593,0.02222771122371935,0.0,0.0,0.0,0.0,1.0
I21JC043488L,6453.0,66.05346350534636,82.11167655329822,0.0,7.0,41.0,94.0,1093.0
I21JC043489M,6368.0,44.584013819095475,55.839950352595814,0.0,9.0,25.0,66.0,683.0
I21JC043490F,6607.0,62.916149538368394,65.46041731277751,0.0,18.0,43.0,87.0,882.0
I21JC043496L,6715.0,202.50141474311243,801.7780375873526,-2.0,2.0,4.0,71.0,10588.0
I21JE003864,5974.0,6.918145296283897,76.76367068667832,0.0,0.0,0.0,0.0,1650.0
I21JE003865,5714.0,2.6142807140357016,38.510072823300355,-122.0,0.0,0.0,0.0,1153.0
I21JE030622,6491.0,449.0465259590202,350.4835119287682,0.0,162.0,435.0,638.0,8012.0
I21JE043613M,6215.0,50.54963797264682,1414.5813216238487,-16538.0,0.0,0.0,0.0,50141.0
I21JE043615O,6046.0,42.14538537876282,362.0576046015812,0.0,0.0,0.0,0.0,7022.0
I21JE043617Q,6701.0,1.081480376063274,7.619647734587497,0.0,0.0,0.0,0.0,123.0
I21JE074440C,6279.0,64.14954610606785,485.7883187461076,0.0,0.0,0.0,0.0,5832.0
I21JE074442E,6161.0,1.2687875344911541,52.6232919762347,0.0,0.0,0.0,0.0,3088.0
I21JE074443F,5667.0,0.0,0.0,0.0,0.0,0.0,0.0,0.0
I21LA091899,6772.0,0.0,0.0,0.0,0.0,0.0,0.0,0.0
I21LA148189,5611.0,2.918909285332383,11.66719202070143,0.0,0.0,0.0,2.0,279.0
I21LA152238,6550.0,1.4551145038167939,17.835466885232336,0.0,0.0,0.0,0.0,593.0
I21LA152381,6513.0,74.16367265469061,69.45999317496225,-1.0,31.0,39.0,112.0,670.0
I21LA162615,6708.0,9.627459749552774,119.25357663095271,0.0,0.0,0.0,1.0,3047.0
I21LA170677,6626.0,0.0,0.0,0.0,0.0,0.0,0.0,0.0
I21LA173715,5725.0,0.2206113537117904,2.1183686293799178,0.0,0.0,0.0,0.0,96.0
I21LA173758,6217.0,0.6848962522116776,2.9674801069290653,0.0,0.0,0.0,0.0,38.0
I21LA173760,6629.0,0.036807965002262785,0.4948465342072585,0.0,0.0,0.0,0.0,14.0
I21LA173770,6031.0,0.26794893052561763,2.2809687261621505,0.0,0.0,0.0,0.0,61.0
I21LA173780,5961.0,0.16557624559637646,1.5836611353263097,0.0,0.0,0.0,0.0,39.0
I21LA173785,6259.0,0.5606326889279437,9.335819019329442,0.0,0.0,0.0,0.0,652.0
I21LA173790,6455.0,0.09016266460108444,1.1326304652759052,0.0,0.0,0.0,0.0,40.0
I21LA173814,6468.0,0.1745516388373531,7.771655461144336,0.0,0.0,0.0,0.0,620.0
I21LA173852,5681.0,0.07146629114592501,1.0670302909783178,0.0,0.0,0.0,0.0,29.0
I21LA173859,5887.0,0.0,0.0,0.0,0.0,0.0,0.0,0.0
I21LA173876,5951.0,0.009914300117627289,0.24815793842268066,0.0,0.0,0.0,0.0,9.0
I21LA173877,5361.0,0.024995336690915873,0.4783855438064842,0.0,0.0,0.0,0.0,15.0
I21LA173999,5903.0,2.141284092834152,12.031164836542454,0.0,0.0,0.0,0.0,285.0
I21LA174020,6459.0,0.15760953708004335,2.256251543340764,0.0,0.0,0.0,0.0,109.0
I21LA180227,6710.0,0.0,0.0,0.0,0.0,0.0,0.0,0.0
I21LA182611,6450.0,0.0,0.0,0.0,0.0,0.0,0.0,0.0
I21LA183439,6637.0,6.218020189844809,12.066119859371257,0.0,0.0,2.0,8.0,356.0
I21LA184421,6505.0,4.715449654112222,15.519292725373884,0.0,0.0,0.0,1.0,192.0
I21LA184424,6140.0,0.098371335504886,0.9097205162660859,0.0,0.0,0.0,0.0,17.0
I21LA184504,6016.0,4.960771276595745,37.8278437037063,0.0,0.0,0.0,0.0,313.0
I21LA184517,5968.0,0.0,0.0,0.0,0.0,0.0,0.0,0.0
I21LA185911,5619.0,0.033813845880049834,0.755845308594169,0.0,0.0,0.0,0.0,36.0
I21LA186120,6295.0,120.5409054805401,100.0906287897853,0.0,78.0,109.0,125.0,1776.0
I21LA186299,5213.0,0.13389602915787455,5.4564581591966475,0.0,0.0,0.0,0.0,293.0
I21LA186317,6252.0,1.5838131797824697,13.636756920936726,0.0,0.0,0.0,0.0,427.0
I21LA190301,5775.0,0.0,0.0,0.0,0.0,0.0,0.0,0.0
I21LA327835,5840.0,2.798458904109589,9.85235921187186,0.0,0.0,0.0,0.0,248.0
I21LA327880,530.0,1.8396226415094339,7.356872219594481,0.0,0.0,0.0,0.0,80.0
I21LA327882,43.0,13.348837209302326,35.757705610406376,0.0,0.0,0.0,0.0,139.0
I21LA327883,5540.0,0.7805054151624549,2.5519726619585015,0.0,0.0,0.0,0.0,47.0
I21LA327884,6225.0,0.2242570281124498,1.1087216454725246,0.0,0.0,0.0,0.0,47.0
I21LA389336,6430.0,4.309020217729393,40.036654882075574,0.0,0.0,0.0,0.0,724.0
I21MF951608T,6023.0,11.016104931097459,164.5051259765812,0.0,0.0,0.0,0.0,3280.0
I22JC014326S,5637.0,11.334929927266277,90.6885005150805,0.0,0.0,0.0,0.0,2770.0
I22JC014372Y,2374.0,155.5219039595619,665.5926301020013,0.0,14.0,44.0,101.0,12603.0
I22JC014373Z,1439.0,176.08478109798472,687.1379596274621,0.0,7.0,26.0,79.5,18869.0
I22JC014382A,6121.0,26.335402711975167,164.4161001541736,0.0,0.0,0.0,0.0,2572.0
I22JC094262H,5499.0,0.0,0.0,0.0,0.0,0.0,0.0,0.0
I22JC094273K,4335.0,194.1107266435986,898.696224399381,0.0,27.0,115.0,210.0,44367.0
I22JC094275M,6582.0,89.95715587967183,318.2529410641273,0.0,0.0,0.0,0.0,6966.0
I22JC094276N,3960.0,85.21439393939394,172.6879887099693,0.0,18.0,46.0,95.0,5527.0
I22JC094277O,6568.0,1313.8465286236296,712.2239337637604,0.0,934.0,1337.0,1747.25,10911.0
I22JC094278P,4952.0,95.45557350565429,169.46646481133558,0.0,16.0,66.0,136.0,7029.0
I22JC094280J,2906.0,121.6166551961459,369.5069622684392,0.0,12.0,38.0,91.75,11287.0
I22JC094282L,3563.0,126.97445972495089,303.94319940736295,0.0,21.0,61.0,121.5,8103.0
I22JC094284N,6528.0,4.094975490196078,28.80123478873105,0.0,0.0,0.0,0.0,402.0
I22JC094285O,3004.0,124.95872170439414,319.0764054913637,-19.0,14.0,47.0,108.0,6598.0
I22JC094286P,3898.0,143.44176500769626,2167.7930542408917,-31058.0,14.0,61.0,136.0,97406.0
I22JC094287Q,6067.0,135.63820669194,167.87708972385857,11.0,66.0,82.0,134.0,3515.0
I22LA224628,5933.0,29.100117984156412,56.30591553643415,0.0,0.0,0.0,48.0,882.0
I22LA303411,6643.0,1.299412915851272,12.356758118535613,0.0,0.0,0.0,0.0,828.0
I22LA303427,6508.0,2.869237861094038,8.599749831242153,0.0,0.0,0.0,0.0,148.0
I22LA303495,5742.0,6.179205851619645,33.33175441148396,0.0,0.0,1.0,2.0,1024.0
I22LA303555,6231.0,1.0264805007221955,7.253654978597773,0.0,0.0,0.0,0.0,245.0
I22LA303573,6628.0,0.0,0.0,0.0,0.0,0.0,0.0,0.0
I22LA304258,6130.0,0.0,0.0,0.0,0.0,0.0,0.0,0.0
I22LA306555,5191.0,0.18628395299556924,13.421497030760595,0.0,0.0,0.0,0.0,967.0
I23JC012768P,4367.0,0.0,0.0,0.0,0.0,0.0,0.0,0.0
I23JC012769Q,4178.0,0.0,0.0,0.0,0.0,0.0,0.0,0.0
I23JC095866,6624.0,112.7487922705314,101.37123275013738,0.0,46.0,94.0,154.0,2354.0
I23JC095867,6740.0,108.45830860534124,100.64774136375874,0.0,30.0,83.0,158.0,853.0
I23JC095869,6135.0,209.28508557457212,159.84183084452286,12.0,94.5,200.0,289.0,3223.0
I23JC095870,6172.0,276.51134154244977,217.25476853789365,11.0,125.0,246.0,360.0,3030.0
I23JC095961O,6105.0,134.76920556920558,275.2867365521532,0.0,31.0,68.0,144.0,7082.0
I23JC096059X,6192.0,187.24644702842377,143.87501413865868,0.0,76.0,166.5,267.0,1457.0
I23JC096060Q,6132.0,88.22015655577299,87.60526188389319,0.0,23.0,67.0,129.0,1869.0
I23JC096061R,6086.0,49.59431482090043,60.27765851107782,0.0,9.0,29.0,69.0,834.0
I23JC096062S,6119.0,55.95865337473443,65.71855767613152,0.0,9.0,34.0,81.0,905.0
I23JC096063T,6027.0,222.47469719595156,168.60592810728141,0.0,113.0,195.0,285.0,3197.0
I23JE044621,6719.0,49.460634022920075,68.11431049412718,-3.0,6.0,20.0,72.0,699.0
I23LA005760,6712.0,4.441746126340882,41.6741430742593,0.0,0.0,0.0,0.0,1136.0
I23LA005956,4813.0,0.07791398296280906,0.6485135917755079,0.0,0.0,0.0,0.0,14.0
I23LA005976,1861.0,0.0,0.0,0.0,0.0,0.0,0.0,0.0
I23LA005984,3415.0,1.610541727672035,11.181099895511387,0.0,0.0,0.0,0.0,410.0
I23LA005997,3834.0,0.383150756390193,3.148144594090631,0.0,0.0,0.0,0.0,94.0
I23LA006021,5396.0,0.11767976278724981,1.0470199867997398,0.0,0.0,0.0,0.0,52.0
I23LA007145,5474.0,0.14340518816222142,0.9031713141334861,0.0,0.0,0.0,0.0,14.0
I23LA007187,2588.0,0.8153013910355487,3.5919483287824208,0.0,0.0,0.0,0.0,71.0
I23LA007231,5619.0,1.0498309307705997,4.281481881552459,0.0,0.0,0.0,0.0,63.0
I23LA009785,6188.0,112.1565934065934,169.2384139030548,1.0,19.0,24.5,125.0,2471.0
I23LA009886,4555.0,38.14994511525796,63.826886583314206,0.0,4.0,43.0,44.0,2785.0
I23LA009888,4396.0,0.06847133757961783,0.5977565428353846,0.0,0.0,0.0,0.0,10.0
I23LA211678,6472.0,0.4130098887515451,3.0308011502450736,0.0,0.0,0.0,0.0,75.0
I23LA212338,5530.0,0.03200723327305606,0.492911357167512,0.0,0.0,0.0,0.0,16.0
I23LA212355,6111.0,0.010636557028309606,0.27625879840782425,0.0,0.0,0.0,0.0,10.0
I23LA212359,3202.0,0.16427232979387882,5.08034763889233,0.0,0.0,0.0,0.0,282.0
I23LA212366,6007.0,0.007990677542866656,0.26115360749238004,0.0,0.0,0.0,0.0,13.0
I23LA213007,6632.0,8.527593486127865,17.139236370791316,0.0,1.0,5.0,11.0,529.0
I23LA213385,5597.0,0.9844559585492227,20.440335110765307,0.0,0.0,0.0,0.0,442.0
I23LA454934,6122.0,165.76853969291082,94.05804433134965,85.0,111.0,127.0,205.0,1652.0
I23LA459839,4785.0,7.2725182863113895,32.7567190258224,0.0,0.0,0.0,0.0,648.0
I23LA465873,6206.0,0.7310667096358363,3.361490938214857,0.0,0.0,0.0,1.0,236.0
I23LA545728,6128.0,0.08273498694516972,0.45439179674416685,-1.0,0.0,0.0,0.0,9.0
I23LA547069,5892.0,30.59775967413442,82.7253553348805,0.0,0.0,0.0,26.25,2595.0
I24LA025413,5958.0,6.741188318227593,56.58744099022483,0.0,0.0,0.0,0.0,1234.0
I24LA025871,5682.0,37.32717353044703,57.71690799780532,0.0,0.0,9.0,59.75,1204.0
I24LA025880,6041.0,2.453898361198477,18.253147286876935,0.0,0.0,0.0,0.0,683.0
I24LA026648,5809.0,3.10122224134963,35.757053671687956,0.0,0.0,0.0,0.0,1823.0
I24LA027028,6002.0,0.048317227590803064,0.36005980080594735,0.0,0.0,0.0,0.0,12.0
I24LA028096,6130.0,71.9584013050571,161.07048202021267,0.0,1.0,2.0,78.0,1980.0
I24LA028098,6079.0,1.323901957558809,6.411151915126973,-2.0,0.0,0.0,0.0,206.0
I24LA028157,6140.0,0.5679153094462541,6.381255629601517,0.0,0.0,0.0,0.0,345.0
I24LA028258,6226.0,62.59492451011886,133.12560750446195,0.0,0.0,1.0,67.0,2609.0
I24LA029109,6155.0,5.935499593826157,47.968437301449775,-35.0,0.0,0.0,0.0,1770.0
